location_name,measure_name,cause_name,sex_name,metric_name,annual_change_pct,lower_ci,upper_ci,p_value,adjusted_r_squared
Central Sub-Saharan Africa,Prevalence,Diabetes mellitus,Both,Rate,0.6562730734155142,0.6368970655999506,0.6756528117681793,1.9854958655263128e-36,0.9931565917672602
Central Sub-Saharan Africa,Prevalence,Diabetes mellitus,Female,Rate,0.6461958353366937,0.6168194690260975,0.6755807784528667,1.724607143510636e-30,0.9839182566496573
Central Sub-Saharan Africa,Prevalence,Diabetes mellitus,Male,Rate,0.6768743117796738,0.6599542279535298,0.6937972397282444,9.904737766909048e-39,0.9950861731101784
Central Sub-Saharan Africa,Prevalence,Diabetes mellitus type 1,Both,Rate,0.6401002245701948,0.6139482775763261,0.6662589690741738,5.92994480548111e-32,0.9869715129173721
Central Sub-Saharan Africa,Prevalence,Diabetes mellitus type 1,Female,Rate,0.633558806432144,0.6082706762185142,0.6588532928779589,2.8397542889393946e-32,0.98755726906542
Central Sub-Saharan Africa,Prevalence,Diabetes mellitus type 1,Male,Rate,0.6468952470068956,0.6198346992285497,0.6739630724084789,1.2486031738784535e-31,0.9863511183314071
Central Sub-Saharan Africa,Prevalence,Diabetes mellitus type 2,Both,Rate,0.6563197080317718,0.6368759472009655,0.6757672255355951,2.2135371209956156e-36,0.9931099403731847
Central Sub-Saharan Africa,Prevalence,Diabetes mellitus type 2,Female,Rate,0.6462375691582922,0.6167297879785094,0.6757540040594812,1.9810742222580253e-30,0.9837783686103517
Central Sub-Saharan Africa,Prevalence,Diabetes mellitus type 2,Male,Rate,0.6769500942062523,0.6599809927526401,0.6939220562843129,1.0822031836221664e-38,0.9950589001831769
Central Sub-Saharan Africa,Incidence,Diabetes mellitus,Both,Rate,0.47049524704141366,0.44981264349417405,0.49118210913405846,6.140553012475481e-31,0.98492297747543045
Central Sub-Saharan Africa,Incidence,Diabetes mellitus,Female,Rate,0.47186008758013376,0.441541280779556,0.5021880462718009,8.969822112307892e-26,0.9683122542395837
Central Sub-Saharan Africa,Incidence,Diabetes mellitus,Male,Rate,0.4532665609994213,0.4342682142688403,0.47226850149519883,1.368433938758347e-31,0.9862727498395505
Central Sub-Saharan Africa,Incidence,Diabetes mellitus type 1,Both,Rate,0.6756336407484964,0.5739311903370181,0.7774389347924515,8.02671996255373e-15,0.847335860568164
Central Sub-Saharan Africa,Incidence,Diabetes mellitus type 1,Female,Rate,0.651449364391854,0.5470440473646532,0.7559630930618289,4.4168322712462114e-14,0.8302637379580047
Central Sub-Saharan Africa,Incidence,Diabetes mellitus type 1,Male,Rate,0.6998283738090416,0.6007468425431206,0.7990074903329702,1.4700478720928721e-15,0.8626336978668021
Central Sub-Saharan Africa,Incidence,Diabetes mellitus type 2,Both,Rate,0.47000711446287813,0.4494707265095155,0.49054770097722855,5.072794486354771e-31,0.9851018337481541
Central Sub-Saharan Africa,Incidence,Diabetes mellitus type 2,Female,Rate,0.4713640457718826,0.4412267682911919,0.5015103659089082,7.691424606584078e-26,0.9686150354927877
Central Sub-Saharan Africa,Incidence,Diabetes mellitus type 2,Male,Rate,0.452758423749966,0.4338789460193615,0.47164145042919436,1.1628752725759793e-31,0.9864116375820338
Central Sub-Saharan Africa,Deaths,Diabetes mellitus,Both,Rate,0.612947068782943,0.5121967813539463,0.7137983451539931,8.733020421490937e-14,0.822919886156936
Central Sub-Saharan Africa,Deaths,Diabetes mellitus,Female,Rate,0.4843824163324184,0.38731855459661624,0.5815401285006461,1.4461760296528374e-11,0.7568655107897808
Central Sub-Saharan Africa,Deaths,Diabetes mellitus,Male,Rate,0.8427526778409078,0.744134762721349,0.9414671295301158,6.3299958329371505e-18,0.9021505293002641
Central Sub-Saharan Africa,Deaths,Diabetes mellitus type 1,Both,Rate,-0.9597571194315702,-1.0536540125693716,-0.8657711211686347,4.218222233405541e-20,0.928403141645265
Central Sub-Saharan Africa,Deaths,Diabetes mellitus type 1,Female,Rate,-0.9249170950668795,-1.0244937226999373,-0.825240286033968,7.165358506599119e-19,0.9145737883266524
Central Sub-Saharan Africa,Deaths,Diabetes mellitus type 1,Male,Rate,-0.9726115448656314,-1.0693210962243183,-0.8758074552158157,6.855247458862022e-20,0.9262018277534576
Central Sub-Saharan Africa,Deaths,Diabetes mellitus type 2,Both,Rate,0.6511731864327297,0.5502907434116411,0.7521568451463345,1.7659385602341785e-14,0.8396649691933857
Central Sub-Saharan Africa,Deaths,Diabetes mellitus type 2,Female,Rate,0.5138326652460057,0.41670138083695907,0.6110579030142338,3.3533286717571425e-12,0.7779214133839416
Central Sub-Saharan Africa,Deaths,Diabetes mellitus type 2,Male,Rate,0.887627653263956,0.7890675045454598,0.9862841825042601,1.3598842282728676e-18,0.9110930348816915
Central Sub-Saharan Africa,DALYs (Disability-Adjusted Life Years),Diabetes mellitus,Both,Rate,0.5953564622508178,0.5290007198049951,0.6617560038443937,1.576610407283184e-18,0.9102698111659395
Central Sub-Saharan Africa,DALYs (Disability-Adjusted Life Years),Diabetes mellitus,Female,Rate,0.5219556131823566,0.46320324291955206,0.5807423427020897,2.1255378171096275e-18,0.9085834498179681
Central Sub-Saharan Africa,DALYs (Disability-Adjusted Life Years),Diabetes mellitus,Male,Rate,0.6899946307327376,0.6212221358380177,0.7588141301852591,5.719360950319726e-20,0.9270308329686944
Central Sub-Saharan Africa,DALYs (Disability-Adjusted Life Years),Diabetes mellitus type 1,Both,Rate,-1.078087228829916,-1.1667143000522073,-0.9893806827859786,2.2557713806056503e-22,0.948338613889963
Central Sub-Saharan Africa,DALYs (Disability-Adjusted Life Years),Diabetes mellitus type 1,Female,Rate,-1.0279834995201242,-1.1222040383658038,-0.9336731780305807,6.034131400993438e-21,0.9365809429328117
Central Sub-Saharan Africa,DALYs (Disability-Adjusted Life Years),Diabetes mellitus type 1,Male,Rate,-1.0999912928906674,-1.1915388890449408,-1.008358876446036,3.2929675266746583e-22,0.9471045554254739
Central Sub-Saharan Africa,DALYs (Disability-Adjusted Life Years),Diabetes mellitus type 2,Both,Rate,0.6628353210077265,0.5974349124561629,0.7282782476756289,4.244530566054598e-20,0.9283753750326298
Central Sub-Saharan Africa,DALYs (Disability-Adjusted Life Years),Diabetes mellitus type 2,Female,Rate,0.5706715430900511,0.512907881109248,0.6284684012116681,9.198951110059401e-20,0.9248360411656981
Central Sub-Saharan Africa,DALYs (Disability-Adjusted Life Years),Diabetes mellitus type 2,Male,Rate,0.7692316011912004,0.7014799841368768,0.8370288013056282,1.3769001566649015e-21,0.942165629907064
Central Sub-Saharan Africa,YLLs (Years of Life Lost),Diabetes mellitus,Both,Rate,0.5598305233653011,0.4493216702790237,0.6704609522512728,9.891426813769071e-12,0.7625203972396797
Central Sub-Saharan Africa,YLLs (Years of Life Lost),Diabetes mellitus,Female,Rate,0.4228799332125499,0.3107779768568797,0.5351071687144326,8.98788915514863e-9,0.6382588604764934
Central Sub-Saharan Africa,YLLs (Years of Life Lost),Diabetes mellitus,Male,Rate,0.6990208722437607,0.5924289396924687,0.8057257540518226,1.1402306738563e-14,0.8439668672561786
Central Sub-Saharan Africa,YLLs (Years of Life Lost),Diabetes mellitus type 1,Both,Rate,-1.1211067365590743,-1.2120463211411359,-1.0300834372351297,1.5116481350661648e-22,0.9496131343824372
Central Sub-Saharan Africa,YLLs (Years of Life Lost),Diabetes mellitus type 1,Female,Rate,-1.0986280343759813,-1.1969346704137296,-1.0002235856372055,2.9606005964321957e-21,0.9393363152716865
Central Sub-Saharan Africa,YLLs (Years of Life Lost),Diabetes mellitus type 1,Male,Rate,-1.1309158103440353,-1.224165967715296,-1.0375776193769504,2.4941509569786183e-22,0.9480137419938222
Central Sub-Saharan Africa,YLLs (Years of Life Lost),Diabetes mellitus type 2,Both,Rate,0.6707555354770633,0.5588847553654075,0.7827507707422576,1.2789293535705577e-13,0.8186732147327107
Central Sub-Saharan Africa,YLLs (Years of Life Lost),Diabetes mellitus type 2,Female,Rate,0.5077621876077743,0.3944104741677501,0.6212418823854149,1.939034338661419e-10,0.7144950999404254
Central Sub-Saharan Africa,YLLs (Years of Life Lost),Diabetes mellitus type 2,Male,Rate,0.8239050941068138,0.7164930163151562,0.9314317246803538,1.4187474311976547e-16,0.8812380816838539
Central Sub-Saharan Africa,YLDs (Years Lived with Disability),Diabetes mellitus,Both,Rate,0.6510123606160878,0.6336234198858204,0.6684043060603662,8.210245103511067e-38,0.9943918672885739
Central Sub-Saharan Africa,YLDs (Years Lived with Disability),Diabetes mellitus,Female,Rate,0.6438289148445353,0.6169644838950994,0.6707005185172976,1.1534918613004668e-31,0.9864185138469823
Central Sub-Saharan Africa,YLDs (Years Lived with Disability),Diabetes mellitus,Male,Rate,0.672629326895291,0.6570441796623028,0.6882168872412109,8.828159191942697e-40,0.9957752100489037
Central Sub-Saharan Africa,YLDs (Years Lived with Disability),Diabetes mellitus type 1,Both,Rate,0.5427262777870423,0.516079197875996,0.5693804219098375,1.9767495032018595e-29,0.9812714716767255
Central Sub-Saharan Africa,YLDs (Years Lived with Disability),Diabetes mellitus type 1,Female,Rate,0.5508331155817281,0.5236126825296727,0.5780609195584541,2.4190592286545753e-29,0.9810337450265281
Central Sub-Saharan Africa,YLDs (Years Lived with Disability),Diabetes mellitus type 1,Male,Rate,0.5318603274948819,0.5019458741195582,0.5617836849218794,1.4035645887881444e-27,0.9755580134213382
Central Sub-Saharan Africa,YLDs (Years Lived with Disability),Diabetes mellitus type 2,Both,Rate,0.6512861819961913,0.6338433416790856,0.6687320456766788,8.939447609282533e-38,0.9943619675640515
Central Sub-Saharan Africa,YLDs (Years Lived with Disability),Diabetes mellitus type 2,Female,Rate,0.6440960289457065,0.6171226892895509,0.6710765995883383,1.2936542063362644e-31,0.986320859832949
Central Sub-Saharan Africa,YLDs (Years Lived with Disability),Diabetes mellitus type 2,Male,Rate,0.6729420305540357,0.6573104283448261,0.6885760602768132,9.563483028650642e-40,0.9957540343229763
Eastern Sub-Saharan Africa,Prevalence,Diabetes mellitus,Both,Rate,0.44644888665783533,0.43966705717566334,0.4532311740587991,1.2855990225889226e-45,0.9981759482663776
Eastern Sub-Saharan Africa,Prevalence,Diabetes mellitus,Female,Rate,0.4860003546573344,0.47527794765571674,0.4967239059206374,1.9055062290977285e-40,0.9961612159294871
Eastern Sub-Saharan Africa,Prevalence,Diabetes mellitus,Male,Rate,0.4262191544226468,0.41755792005535586,0.43488113584035926,1.3967284444581474e-41,0.9967396087282774
Eastern Sub-Saharan Africa,Prevalence,Diabetes mellitus type 1,Both,Rate,0.8789168299959016,0.8058409224431573,0.9520457115451686,2.356291933135449e-22,0.9481978720626107
Eastern Sub-Saharan Africa,Prevalence,Diabetes mellitus type 1,Female,Rate,0.88040039649524,0.8086520550349752,0.9521998032599122,1.2797421693612657e-22,0.9501341079084755
Eastern Sub-Saharan Africa,Prevalence,Diabetes mellitus type 1,Male,Rate,0.8775942470538478,0.8031965919488071,0.9520468112418801,4.256357814415562e-22,0.9462506992053086
Eastern Sub-Saharan Africa,Prevalence,Diabetes mellitus type 2,Both,Rate,0.44247333430180724,0.4356800607585809,0.44926706732879573,1.8066100889084178e-45,0.9981367479988954
Eastern Sub-Saharan Africa,Prevalence,Diabetes mellitus type 2,Female,Rate,0.4820681698720186,0.47095011173263757,0.4931874583293805,7.842465375930304e-40,0.9958063526026382
Eastern Sub-Saharan Africa,Prevalence,Diabetes mellitus type 2,Male,Rate,0.4224041325272543,0.41408869096795087,0.4307202627007678,5.074506864155552e-42,0.9969395180545295
Eastern Sub-Saharan Africa,Incidence,Diabetes mellitus,Both,Rate,0.2792677655568676,0.2676398225471388,0.29089705704810065,1.139275976158287e-31,0.9864290319695864
Eastern Sub-Saharan Africa,Incidence,Diabetes mellitus,Female,Rate,0.31637990730151166,0.3072298043241384,0.32553084495834383,1.08521249060383e-36,0.9934101053799939
Eastern Sub-Saharan Africa,Incidence,Diabetes mellitus,Male,Rate,0.28275643841617626,0.2681405270230197,0.29737448034519165,1.0340258614651619e-28,0.9792322635914855
Eastern Sub-Saharan Africa,Incidence,Diabetes mellitus type 1,Both,Rate,1.59860838306205,1.5482778892568883,1.648963822229721,1.326676020581029e-35,0.9922942008045073
Eastern Sub-Saharan Africa,Incidence,Diabetes mellitus type 1,Female,Rate,1.574719704644889,1.5193313559551225,1.6301382728911795,4.490194841519861e-34,0.9903974235218905
Eastern Sub-Saharan Africa,Incidence,Diabetes mellitus type 1,Male,Rate,1.6251826756106702,1.577024402198668,1.6733637811474855,1.924503247246252e-36,0.9931699211428244
Eastern Sub-Saharan Africa,Incidence,Diabetes mellitus type 2,Both,Rate,0.27044818041748186,0.2587169882373619,0.2821807452550118,4.154353386078076e-31,0.9852865795099903
Eastern Sub-Saharan Africa,Incidence,Diabetes mellitus type 2,Female,Rate,0.30672101073889735,0.2976103565188515,0.3158324925361944,2.5389883999892344e-36,0.9930506271988554
Eastern Sub-Saharan Africa,Incidence,Diabetes mellitus type 2,Male,Rate,0.27485626445113986,0.26002683004535676,0.2896878922747037,3.9656936799445024e-28,0.9774132933858019
Eastern Sub-Saharan Africa,Deaths,Diabetes mellitus,Both,Rate,0.055038973678844805,-0.009915512793634562,0.12003565518829973,0.09401022607632811,0.05656985056477426
Eastern Sub-Saharan Africa,Deaths,Diabetes mellitus,Female,Rate,-0.19304734932589218,-0.239117049081794,-0.14695637452537547,9.646321059361238e-10,0.6847514152771246
Eastern Sub-Saharan Africa,Deaths,Diabetes mellitus,Male,Rate,0.2784377641133373,0.19890009243712647,0.3580385726224655,4.2229670183447374e-8,0.6021602320403334
Eastern Sub-Saharan Africa,Deaths,Diabetes mellitus type 1,Both,Rate,-1.9368716233661432,-1.994353655293224,-1.879355877218325,3.56888036966442e-36,0.9929011875588656
Eastern Sub-Saharan Africa,Deaths,Diabetes mellitus type 1,Female,Rate,-2.2369963196948506,-2.2889451707414965,-2.185019849632841,1.5233643347781627e-39,0.9956286895494245
Eastern Sub-Saharan Africa,Deaths,Diabetes mellitus type 1,Male,Rate,-1.7544891021385456,-1.8223536115631656,-1.6865776819169231,1.5489181878635271e-32,0.9880196850699
Eastern Sub-Saharan Africa,Deaths,Diabetes mellitus type 2,Both,Rate,0.10157171617599658,0.03411434722440099,0.16907457457544517,0.00436820171441291,0.20309058471318564
Eastern Sub-Saharan Africa,Deaths,Diabetes mellitus type 2,Female,Rate,-0.1505462825461379,-0.1981701277869119,-0.10289971196416614,3.120254933217307e-7,0.5502819386557873
Eastern Sub-Saharan Africa,Deaths,Diabetes mellitus type 2,Male,Rate,0.32923412071019786,0.24641383126584593,0.4121228335532745,2.938282118046938e-9,0.6623322168693071
Eastern Sub-Saharan Africa,DALYs (Disability-Adjusted Life Years),Diabetes mellitus,Both,Rate,-0.02807126108684832,-0.07103386962236113,0.01490981842664496,0.19277885741984663,0.022802992831127966
Eastern Sub-Saharan Africa,DALYs (Disability-Adjusted Life Years),Diabetes mellitus,Female,Rate,-0.16257936497515724,-0.19386018753778655,-0.1312887385080619,5.6525896921134735e-12,0.7706146289447258
Eastern Sub-Saharan Africa,DALYs (Disability-Adjusted Life Years),Diabetes mellitus,Male,Rate,0.10053786934576259,0.044714326308703534,0.1563925611344219,8.779216124028097e-4,0.2741500932189842
Eastern Sub-Saharan Africa,DALYs (Disability-Adjusted Life Years),Diabetes mellitus type 1,Both,Rate,-1.9992019024546948,-2.0694759708541732,-1.9288774060120972,7.787115704925716e-34,0.9900613352964297
Eastern Sub-Saharan Africa,DALYs (Disability-Adjusted Life Years),Diabetes mellitus type 1,Female,Rate,-2.2405260920904557,-2.3023793392863645,-2.178633685044362,3.7601953905461315e-37,0.993832421180771
Eastern Sub-Saharan Africa,DALYs (Disability-Adjusted Life Years),Diabetes mellitus type 1,Male,Rate,-1.8580974891140412,-1.9381225594284457,-1.7780071129739006,4.706231509207122e-31,0.9851714796636296
Eastern Sub-Saharan Africa,DALYs (Disability-Adjusted Life Years),Diabetes mellitus type 2,Both,Rate,0.0719519641255717,0.02359022233455743,0.12033708898118167,0.004800114755757589,0.19876141096513866
Eastern Sub-Saharan Africa,DALYs (Disability-Adjusted Life Years),Diabetes mellitus type 2,Female,Rate,-0.0720561229950345,-0.10642424292724995,-0.03767617880224838,1.6385989588970908e-4,0.34287647829966406
Eastern Sub-Saharan Africa,DALYs (Disability-Adjusted Life Years),Diabetes mellitus type 2,Male,Rate,0.2100105043290723,0.14709973698219247,0.27296079118932504,1.0799846342003415e-7,0.5785687051020902
Eastern Sub-Saharan Africa,YLLs (Years of Life Lost),Diabetes mellitus,Both,Rate,-0.18492645271662722,-0.242771748563253,-0.12704761465648362,2.54383850531977e-7,0.5558660050511398
Eastern Sub-Saharan Africa,YLLs (Years of Life Lost),Diabetes mellitus,Female,Rate,-0.40454238736553627,-0.4476537751796017,-0.3614123300591965,4.871150657487621e-19,0.9166044237391265
Eastern Sub-Saharan Africa,YLLs (Years of Life Lost),Diabetes mellitus,Male,Rate,9.83732328241338e-4,-0.07236522994658046,0.07438653426692365,0.9783830397422435,-0.031225966940371164
Eastern Sub-Saharan Africa,YLLs (Years of Life Lost),Diabetes mellitus type 1,Both,Rate,-2.1124538647273927,-2.181132684895737,-2.043726825023595,6.664675313971819e-35,0.9914764430946772
Eastern Sub-Saharan Africa,YLLs (Years of Life Lost),Diabetes mellitus type 1,Female,Rate,-2.4164645298632936,-2.4772522695224897,-2.3556389000771505,2.0064765559608362e-38,0.9948645436885019
Eastern Sub-Saharan Africa,YLLs (Years of Life Lost),Diabetes mellitus type 1,Male,Rate,-1.9395688961587831,-2.0186726163473168,-1.8604013127963892,8.531855309243168e-32,0.9866720061566004
Eastern Sub-Saharan Africa,YLLs (Years of Life Lost),Diabetes mellitus type 2,Both,Rate,-0.05931788209021516,-0.12464491041395132,0.006051875699930598,0.07380222240252657,0.06823422410806934
Eastern Sub-Saharan Africa,YLLs (Years of Life Lost),Diabetes mellitus type 2,Female,Rate,-0.2904383807874389,-0.3377888860487066,-0.24306537883135304,7.86251976233559e-14,0.8240713206537331
Eastern Sub-Saharan Africa,YLLs (Years of Life Lost),Diabetes mellitus type 2,Male,Rate,0.13847524548700196,0.055090608865659974,0.2219293738011885,0.0019044841491786526,0.24048766526267484
Eastern Sub-Saharan Africa,YLDs (Years Lived with Disability),Diabetes mellitus,Both,Rate,0.45768484487902494,0.44951392879046814,0.46585642561858265,2.2284949560066695e-43,0.997482553913557
Eastern Sub-Saharan Africa,YLDs (Years Lived with Disability),Diabetes mellitus,Female,Rate,0.49741649608736616,0.4849036545292673,0.5099308958019577,1.2450351469574506e-38,0.9950154307187993
Eastern Sub-Saharan Africa,YLDs (Years Lived with Disability),Diabetes mellitus,Male,Rate,0.4415371717277239,0.43242195315453813,0.45065321759558685,2.3051516465773687e-41,0.9966359096308147
Eastern Sub-Saharan Africa,YLDs (Years Lived with Disability),Diabetes mellitus type 1,Both,Rate,0.6956688570708414,0.6434373199949439,0.7479275010653597,1.0673368959795598e-23,0.9572958653722901
Eastern Sub-Saharan Africa,YLDs (Years Lived with Disability),Diabetes mellitus type 1,Female,Rate,0.6973499642468184,0.645612659083139,0.749113865192208,7.397241502995257e-24,0.9582621192930995
Eastern Sub-Saharan Africa,YLDs (Years Lived with Disability),Diabetes mellitus type 1,Male,Rate,0.6950819206440029,0.6423111424624484,0.7478803686495228,1.5016640287612463e-23,0.956376047073142
Eastern Sub-Saharan Africa,YLDs (Years Lived with Disability),Diabetes mellitus type 2,Both,Rate,0.45582982186493926,0.4476068644272191,0.4640534524598561,3.1079329707373955e-43,0.9974296736336522
Eastern Sub-Saharan Africa,YLDs (Years Lived with Disability),Diabetes mellitus type 2,Female,Rate,0.495707031991377,0.48292211998304246,0.5084935706838101,2.75696195932254e-38,0.9947615530529073
Eastern Sub-Saharan Africa,YLDs (Years Lived with Disability),Diabetes mellitus type 2,Male,Rate,0.43974014161343167,0.4307788170242466,0.44870226581146255,1.525514102399084e-41,0.9967215881297661
Southern Sub-Saharan Africa,Prevalence,Diabetes mellitus,Both,Rate,0.8958754042120542,0.8486450703664605,0.9431278573873714,1.752798420929036e-28,0.9785362595750474
Southern Sub-Saharan Africa,Prevalence,Diabetes mellitus,Female,Rate,0.7578102474427029,0.7106075596831296,0.8050350589267508,3.276942452299919e-26,0.9702433683061835
Southern Sub-Saharan Africa,Prevalence,Diabetes mellitus,Male,Rate,1.0443706904107009,0.9888419776109103,1.0999299356721393,2.238478057614609e-28,0.9782058449492181
Southern Sub-Saharan Africa,Prevalence,Diabetes mellitus type 1,Both,Rate,0.4837230309321816,0.46194626426714347,0.5055045180668571,1.299164899280401e-30,0.9842003468162149
Southern Sub-Saharan Africa,Prevalence,Diabetes mellitus type 1,Female,Rate,0.477598575568039,0.45633684829400334,0.4988648029170317,9.136473851790199e-31,0.9845440210081091
Southern Sub-Saharan Africa,Prevalence,Diabetes mellitus type 1,Male,Rate,0.49073875343361717,0.4683674565763907,0.5131150317087219,1.926717047046074e-30,0.9838065379707038
Southern Sub-Saharan Africa,Prevalence,Diabetes mellitus type 2,Both,Rate,0.8969851716140065,0.8496482029968666,0.9443443593329492,1.8093199252430564e-28,0.9784936687172565
Southern Sub-Saharan Africa,Prevalence,Diabetes mellitus type 2,Female,Rate,0.7586329868595865,0.7112895929496821,0.8059986364367111,3.4751275376911736e-26,0.9701340558647779
Southern Sub-Saharan Africa,Prevalence,Diabetes mellitus type 2,Male,Rate,1.0457201496121948,0.9900903233912794,1.1013806192116338,2.275389457989578e-28,0.9781835699460514
Southern Sub-Saharan Africa,Incidence,Diabetes mellitus,Both,Rate,0.8102282946769179,0.7495365579736513,0.8709565922124352,9.779514216585874e-24,0.9575283720843482
Southern Sub-Saharan Africa,Incidence,Diabetes mellitus,Female,Rate,0.6764757480852479,0.6070604490302722,0.7459389412315609,1.3614654431999322e-19,0.9229758976903945
Southern Sub-Saharan Africa,Incidence,Diabetes mellitus,Male,Rate,0.9468296615074756,0.8859494223556252,1.007746639209528,8.561436996020949e-26,0.9684043207332793
Southern Sub-Saharan Africa,Incidence,Diabetes mellitus type 1,Both,Rate,0.5537545833176116,0.46956585679560625,0.6380138559956894,1.068552455786393e-14,0.8445954934377865
Southern Sub-Saharan Africa,Incidence,Diabetes mellitus type 1,Female,Rate,0.5339313527803924,0.4481429391732572,0.6197930345604785,4.791172042447047e-14,0.829403473637309
Southern Sub-Saharan Africa,Incidence,Diabetes mellitus type 1,Male,Rate,0.5740238683885179,0.491261636413598,0.6568542613849315,2.474560765991321e-15,0.8581101418308188
Southern Sub-Saharan Africa,Incidence,Diabetes mellitus type 2,Both,Rate,0.8107068932649897,0.7500055352945179,0.8714448234901306,9.649890631945384e-24,0.9575637320819229
Southern Sub-Saharan Africa,Incidence,Diabetes mellitus type 2,Female,Rate,0.6767608559868021,0.6073453434085829,0.7462242628154092,1.3446104110357985e-19,0.9230357027964522
Southern Sub-Saharan Africa,Incidence,Diabetes mellitus type 2,Male,Rate,0.9474757782115706,0.8865453933956102,1.008442961906697,8.598257791790466e-26,0.968395852803028
Southern Sub-Saharan Africa,Deaths,Diabetes mellitus,Both,Rate,1.3466215234955614,0.9799462368571543,1.7146282701994808,1.4692999793043023e-8,0.6271527075658713
Southern Sub-Saharan Africa,Deaths,Diabetes mellitus,Female,Rate,1.1003184282798895,0.7093618005038937,1.4927927608856084,2.221140609072474e-6,0.4930705295754395
Southern Sub-Saharan Africa,Deaths,Diabetes mellitus,Male,Rate,1.700784265944999,1.3610856139549377,2.0416213743107647,1.1838658714527722e-11,0.7598614700066189
Southern Sub-Saharan Africa,Deaths,Diabetes mellitus type 1,Both,Rate,0.0900544830994443,-0.08449020851137856,0.26490409082824407,0.3013617334664394,0.0031274507140088836
Southern Sub-Saharan Africa,Deaths,Diabetes mellitus type 1,Female,Rate,0.025776552082645843,-0.22739306775723112,0.2795885812809873,0.8372012764665416,-0.029868904777898164
Southern Sub-Saharan Africa,Deaths,Diabetes mellitus type 1,Male,Rate,0.1300737720438594,2.4627025818624304e-5,0.26029204482143076,0.04995913777647572,0.08715384858601505
Southern Sub-Saharan Africa,Deaths,Diabetes mellitus type 2,Both,Rate,1.356304292665289,0.9877348432748123,1.7262188899515252,1.408016367743658e-8,0.6281284549415724
Southern Sub-Saharan Africa,Deaths,Diabetes mellitus type 2,Female,Rate,1.1081326518094237,0.7155778324101414,1.5022175154139061,2.1113978473438574e-6,0.4946312682862639
Southern Sub-Saharan Africa,Deaths,Diabetes mellitus type 2,Male,Rate,1.71364508764007,1.371842550834712,2.056600103982409,1.1431764981734494e-11,0.7603812602522788
Southern Sub-Saharan Africa,DALYs (Disability-Adjusted Life Years),Diabetes mellitus,Both,Rate,1.1604710516473382,0.8973819954607221,1.424246110286309,2.62154194237389e-10,0.7091234079106786
Southern Sub-Saharan Africa,DALYs (Disability-Adjusted Life Years),Diabetes mellitus,Female,Rate,0.9533470188660242,0.659982905976686,1.2475661140457062,1.7191200565295425e-7,0.5663930341163423
Southern Sub-Saharan Africa,DALYs (Disability-Adjusted Life Years),Diabetes mellitus,Male,Rate,1.425386178878707,1.1919792143738617,1.659331514225837,7.216546186197693e-14,0.8250058948010275
Southern Sub-Saharan Africa,DALYs (Disability-Adjusted Life Years),Diabetes mellitus type 1,Both,Rate,-0.09037255417887469,-0.22418651686748614,0.043620872610161676,0.17895336495170608,0.026209863562227875
Southern Sub-Saharan Africa,DALYs (Disability-Adjusted Life Years),Diabetes mellitus type 1,Female,Rate,-0.1847626663705637,-0.3905230761827472,0.021422776757251683,0.07727290144883778,0.06601347189028994
Southern Sub-Saharan Africa,DALYs (Disability-Adjusted Life Years),Diabetes mellitus type 1,Male,Rate,-0.0166855862561599,-0.10678147227981549,0.0734915592243146,0.7086366722397566,-0.026689088376061543
Southern Sub-Saharan Africa,DALYs (Disability-Adjusted Life Years),Diabetes mellitus type 2,Both,Rate,1.1793755593677124,0.9134664138296777,1.4459853811999324,2.3025132424481604e-10,0.7114468462854762
Southern Sub-Saharan Africa,DALYs (Disability-Adjusted Life Years),Diabetes mellitus type 2,Female,Rate,0.970654885791844,0.6746618310143226,1.2675181882253694,1.445024851999344e-7,0.5709814834685197
Southern Sub-Saharan Africa,DALYs (Disability-Adjusted Life Years),Diabetes mellitus type 2,Male,Rate,1.4469317829647776,1.2106713177220563,1.6837437612713835,6.670333200052805e-14,0.8258595570781733
Southern Sub-Saharan Africa,YLLs (Years of Life Lost),Diabetes mellitus,Both,Rate,1.2770978867927996,0.9037246364520302,1.6518527272044503,6.244838552189615e-8,0.5924912290938815
Southern Sub-Saharan Africa,YLLs (Years of Life Lost),Diabetes mellitus,Female,Rate,1.0323567610396545,0.6286687077549757,1.437664273733441,1.0314220040617388e-5,0.4435531861330735
Southern Sub-Saharan Africa,YLLs (Years of Life Lost),Diabetes mellitus,Male,Rate,1.6067374658661704,1.259857096888961,1.9548061240018733,7.947791991781786e-11,0.7298159529180441
Southern Sub-Saharan Africa,YLLs (Years of Life Lost),Diabetes mellitus type 1,Both,Rate,-0.11657186572917588,-0.2574735524020211,0.024528866285833395,0.1021006424482803,0.05261232265911209
Southern Sub-Saharan Africa,YLLs (Years of Life Lost),Diabetes mellitus type 1,Female,Rate,-0.2170943714238871,-0.4338726804477111,1.5591372803935855e-4,0.05015485773122229,0.08696393729014407
Southern Sub-Saharan Africa,YLLs (Years of Life Lost),Diabetes mellitus type 1,Male,Rate,-0.03831391177603338,-0.13286371576757272,0.05632540780360351,0.4155538076194091,-0.00977938403893508
Southern Sub-Saharan Africa,YLLs (Years of Life Lost),Diabetes mellitus type 2,Both,Rate,1.306830620471544,0.9271274514895955,1.6879622903944957,5.5117411801170056e-8,0.5956020691248085
Southern Sub-Saharan Africa,YLLs (Years of Life Lost),Diabetes mellitus type 2,Female,Rate,1.0585589875544477,0.6490334704247536,1.4697508013528315,8.742429953450801e-6,0.4490958753749218
Southern Sub-Saharan Africa,YLLs (Years of Life Lost),Diabetes mellitus type 2,Male,Rate,1.6423795693087495,1.288709559721224,1.9972844892453878,7.451972165650606e-11,0.7308905541554425
Southern Sub-Saharan Africa,YLDs (Years Lived with Disability),Diabetes mellitus,Both,Rate,0.9047367177086763,0.8515729384543924,0.9579285221820166,5.217348548573679e-27,0.9734693065844386
Southern Sub-Saharan Africa,YLDs (Years Lived with Disability),Diabetes mellitus,Female,Rate,0.7590130023679365,0.7040831887062726,0.8139727779172601,3.4121605098729635e-24,0.9602302192865965
Southern Sub-Saharan Africa,YLDs (Years Lived with Disability),Diabetes mellitus,Male,Rate,1.0652082188092438,1.0040706673967836,1.12638277665289,2.4443165771837676e-27,0.9746963370119286
Southern Sub-Saharan Africa,YLDs (Years Lived with Disability),Diabetes mellitus type 1,Both,Rate,0.4081899543446399,0.38906640936315906,0.4273171422524147,4.612709121809817e-30,0.9828988851575315
Southern Sub-Saharan Africa,YLDs (Years Lived with Disability),Diabetes mellitus type 1,Female,Rate,0.40355652974859435,0.38648308870217196,0.42063287459619403,1.8515633478909807e-31,0.9860109753588234
Southern Sub-Saharan Africa,YLDs (Years Lived with Disability),Diabetes mellitus type 1,Male,Rate,0.41548388270946646,0.39181688746483534,0.43915645735970177,2.1219563090807743e-27,0.974918852479478
Southern Sub-Saharan Africa,YLDs (Years Lived with Disability),Diabetes mellitus type 2,Both,Rate,0.9058770004847672,0.852603136379293,0.9591790057041916,5.349861246034226e-27,0.9734277172696045
Southern Sub-Saharan Africa,YLDs (Years Lived with Disability),Diabetes mellitus type 2,Female,Rate,0.7599002335136662,0.7048320938097596,0.8149984859733284,3.556277136354543e-24,0.9601273814174696
Southern Sub-Saharan Africa,YLDs (Years Lived with Disability),Diabetes mellitus type 2,Male,Rate,1.0665629442345725,1.005324524022555,1.127838492628963,2.4728340895460314e-27,0.9746779998192989
Sub-Saharan Africa,Prevalence,Diabetes mellitus,Both,Rate,0.7765904489251296,0.7583652635552163,0.7948189308687681,1.3050741645461729e-39,0.9956707353314121
Sub-Saharan Africa,Prevalence,Diabetes mellitus,Female,Rate,0.7450658992631976,0.7178985718114816,0.7722405547438971,1.593648595926697e-33,0.9896065232515794
Sub-Saharan Africa,Prevalence,Diabetes mellitus,Male,Rate,0.8107329916092088,0.7968926344421812,0.8245752491868652,5.053559951086558e-44,0.9977055053121909
Sub-Saharan Africa,Prevalence,Diabetes mellitus type 1,Both,Rate,0.6920218985157378,0.6388177717866705,0.7452541523548462,2.2105833193309952e-23,0.9553103307675214
Sub-Saharan Africa,Prevalence,Diabetes mellitus type 1,Female,Rate,0.6709787523653254,0.6201443952710051,0.7218387915124191,1.4130088786013363e-23,0.9565414324945167
Sub-Saharan Africa,Prevalence,Diabetes mellitus type 1,Male,Rate,0.7127926185146016,0.65705359713224,0.768562505478565,3.707502054052316e-23,0.953844431930375
Sub-Saharan Africa,Prevalence,Diabetes mellitus type 2,Both,Rate,0.7769828325110195,0.7585404314371491,0.7954286092010543,1.873310390854196e-39,0.9955718347802311
Sub-Saharan Africa,Prevalence,Diabetes mellitus type 2,Female,Rate,0.7454360428905682,0.7179405955453522,0.7729389963426536,2.2948202157824017e-33,0.98936701723952
Sub-Saharan Africa,Prevalence,Diabetes mellitus type 2,Male,Rate,0.8111539280856395,0.7973029036022483,0.825006855902477,5.093955308591151e-44,0.9977043633527718
Sub-Saharan Africa,Incidence,Diabetes mellitus,Both,Rate,0.5723355666603869,0.5419459609171895,0.6027343579045219,2.299570274765819e-28,0.9781691604408549
Sub-Saharan Africa,Incidence,Diabetes mellitus,Female,Rate,0.5822109308779133,0.550159270126338,0.6142728085099192,7.123042202778255e-28,0.976571800692554
Sub-Saharan Africa,Incidence,Diabetes mellitus,Male,Rate,0.5879708449721521,0.5604234404434028,0.6155257958045945,4.49674251811083e-30,0.982926064458736
Sub-Saharan Africa,Incidence,Diabetes mellitus type 1,Both,Rate,1.1079375715014272,1.0515899734193646,1.1643165896908725,5.497561521291009e-29,0.9800358086407442
Sub-Saharan Africa,Incidence,Diabetes mellitus type 1,Female,Rate,1.0777595778050264,1.0136230017529835,1.141936876091032,7.548214204384761e-27,0.9728502779511692
Sub-Saharan Africa,Incidence,Diabetes mellitus type 1,Male,Rate,1.139491180397001,1.0902022170157233,1.1888041757997625,3.3380121617688793e-31,0.9854863152966769
Sub-Saharan Africa,Incidence,Diabetes mellitus type 2,Both,Rate,0.5704147482765043,0.5400558429057956,0.6007828207709842,2.476136755474684e-28,0.9780680545907101
Sub-Saharan Africa,Incidence,Diabetes mellitus type 2,Female,Rate,0.5802412444881444,0.548260119979882,0.6122325411497931,7.394493097681141e-28,0.976517009789742
Sub-Saharan Africa,Incidence,Diabetes mellitus type 2,Male,Rate,0.586178602307319,0.5586393659187117,0.613725380658936,4.905769852906137e-30,0.98283295531229
Sub-Saharan Africa,Deaths,Diabetes mellitus,Both,Rate,0.5575130111507232,0.43480157230451066,0.6803743790751993,1.3848177547107493e-10,0.7203757112817506
Sub-Saharan Africa,Deaths,Diabetes mellitus,Female,Rate,0.2984915669280941,0.17105733873779005,0.42608791262965795,3.814958039161225e-5,0.3978406385065326
Sub-Saharan Africa,Deaths,Diabetes mellitus,Male,Rate,0.8030676266417291,0.6873985987797315,0.918869534329736,2.3423089513499037e-15,0.858594150815993
Sub-Saharan Africa,Deaths,Diabetes mellitus type 1,Both,Rate,-1.636036605015978,-1.6806557399707711,-1.5913972210733651,2.3073355515634295e-37,0.9940178019225079
Sub-Saharan Africa,Deaths,Diabetes mellitus type 1,Female,Rate,-1.8014876041260952,-1.829377540631394,-1.7735897441856663,3.396509166483364e-45,0.9980617660854076
Sub-Saharan Africa,Deaths,Diabetes mellitus type 1,Male,Rate,-1.5306617838029224,-1.5960432436930017,-1.4652368832277385,3.4331998409122265e-31,0.9854607982852412
Sub-Saharan Africa,Deaths,Diabetes mellitus type 2,Both,Rate,0.5975548457791247,0.4718242590153743,0.723442771981686,4.708277760098795e-11,0.7384291492816188
Sub-Saharan Africa,Deaths,Diabetes mellitus type 2,Female,Rate,0.33140454454485546,0.20161448872231258,0.4613627160078071,1.0903443410752874e-5,0.4416790814880154
Sub-Saharan Africa,Deaths,Diabetes mellitus type 2,Male,Rate,0.8495622124676805,0.7303909310575785,0.968874482056048,1.1149672090793437e-15,0.864976600695567
Sub-Saharan Africa,DALYs (Disability-Adjusted Life Years),Diabetes mellitus,Both,Rate,0.49800919800311316,0.41477688303788174,0.5813105029961907,1.3772974539370318e-13,0.8178367148395831
Sub-Saharan Africa,DALYs (Disability-Adjusted Life Years),Diabetes mellitus,Female,Rate,0.323875725728362,0.23866075925804697,0.409163135210755,7.727660317040212e-9,0.6416071867825358
Sub-Saharan Africa,DALYs (Disability-Adjusted Life Years),Diabetes mellitus,Male,Rate,0.6720905316970782,0.5931225874784785,0.7511204675912042,7.280707323953161e-18,0.9012936825028274
Sub-Saharan Africa,DALYs (Disability-Adjusted Life Years),Diabetes mellitus type 1,Both,Rate,-1.692091958182107,-1.732615288528938,-1.6515519168959658,3.710547265093755e-39,0.9953786040729776
Sub-Saharan Africa,DALYs (Disability-Adjusted Life Years),Diabetes mellitus type 1,Female,Rate,-1.8073461240919242,-1.8336395169112119,-1.7810456887124015,4.6608772017883095e-46,0.9982880200465727
Sub-Saharan Africa,DALYs (Disability-Adjusted Life Years),Diabetes mellitus type 1,Male,Rate,-1.6212458731769575,-1.6819703231916727,-1.5604839177439378,5.467513847905403e-33,0.9887743170912153
Sub-Saharan Africa,DALYs (Disability-Adjusted Life Years),Diabetes mellitus type 2,Both,Rate,0.5848204851178984,0.4962383633164258,0.6734806873772259,9.619006028676746e-15,0.8456082359652688
Sub-Saharan Africa,DALYs (Disability-Adjusted Life Years),Diabetes mellitus type 2,Female,Rate,0.3950552297972143,0.30581081896732254,0.48437904345330907,2.583888534597269e-10,0.7093833600400732
Sub-Saharan Africa,DALYs (Disability-Adjusted Life Years),Diabetes mellitus type 2,Male,Rate,0.773215747366196,0.6880024891886549,0.8585011223718464,1.1069288805438398e-18,0.9122262462838223
Sub-Saharan Africa,YLLs (Years of Life Lost),Diabetes mellitus,Both,Rate,0.3778598345539175,0.26371512105352046,0.4921344955193696,1.2548686543508663e-7,0.5746743531072593
Sub-Saharan Africa,YLLs (Years of Life Lost),Diabetes mellitus,Female,Rate,0.12342051886555794,0.004971018058497201,0.24201031554089703,0.0416317360119203,0.09601133932041028
Sub-Saharan Africa,YLLs (Years of Life Lost),Diabetes mellitus,Male,Rate,0.6152203991939498,0.5066719020535793,0.7238861301060773,5.649531176197298e-13,0.8011516918072207
Sub-Saharan Africa,YLLs (Years of Life Lost),Diabetes mellitus type 1,Both,Rate,-1.7698614318148564,-1.8103119422182234,-1.7293942573011867,8.475010167615622e-40,0.9957859747372464
Sub-Saharan Africa,YLLs (Years of Life Lost),Diabetes mellitus type 1,Female,Rate,-1.9197890744371615,-1.9506453190371031,-1.888923119341579,1.1465429240377027e-44,0.9979086504181484
Sub-Saharan Africa,YLLs (Years of Life Lost),Diabetes mellitus type 1,Male,Rate,-1.6805225733440343,-1.7410181348928022,-1.6199897662132479,1.570370208872045e-33,0.9896160745629243
Sub-Saharan Africa,YLLs (Years of Life Lost),Diabetes mellitus type 2,Both,Rate,0.49773152902861106,0.3749725251261493,0.6206406676973364,1.8779952627828745e-9,0.6715239011387237
Sub-Saharan Africa,YLLs (Years of Life Lost),Diabetes mellitus type 2,Female,Rate,0.22119346029001452,0.09616728261929719,0.34637580323184647,0.001045756175854433,0.2666521633843335
Sub-Saharan Africa,YLLs (Years of Life Lost),Diabetes mellitus type 2,Male,Rate,0.7554920020359734,0.6367479418417421,0.8743761716049514,2.5806236524143506e-14,0.8358391639906436
Sub-Saharan Africa,YLDs (Years Lived with Disability),Diabetes mellitus,Both,Rate,0.7712896032536998,0.7488736521725325,0.7937105417341828,1.1822420435938906e-36,0.9933747464244439
Sub-Saharan Africa,YLDs (Years Lived with Disability),Diabetes mellitus,Female,Rate,0.7355359808782769,0.7042077516751677,0.7668739560291238,2.1774380672296788e-31,0.9858685703605499
Sub-Saharan Africa,YLDs (Years Lived with Disability),Diabetes mellitus,Male,Rate,0.812225991363813,0.7943199050244987,0.8301352587150035,1.7680788358845823e-40,0.9961791313344824
Sub-Saharan Africa,YLDs (Years Lived with Disability),Diabetes mellitus type 1,Both,Rate,0.5673044911050917,0.5250179184469683,0.6096088519145226,8.700768541204611e-24,0.9578371065423525
Sub-Saharan Africa,YLDs (Years Lived with Disability),Diabetes mellitus type 1,Female,Rate,0.5436860443700509,0.5036235523613763,0.5837645059846963,6.1286635520968864e-24,0.9587494097703931
Sub-Saharan Africa,YLDs (Years Lived with Disability),Diabetes mellitus type 1,Male,Rate,0.5930735226758577,0.5482138896644839,0.6379531698336605,1.359497141013167e-23,0.9566460328480267
Sub-Saharan Africa,YLDs (Years Lived with Disability),Diabetes mellitus type 2,Both,Rate,0.7721205117225738,0.7495305241231875,0.7947155644328019,1.4608291417954205e-36,0.9932865660542347
Sub-Saharan Africa,YLDs (Years Lived with Disability),Diabetes mellitus type 2,Female,Rate,0.7363831886378014,0.7047870403940504,0.7679892501797569,2.747150963922944e-31,0.9856618852686565
Sub-Saharan Africa,YLDs (Years Lived with Disability),Diabetes mellitus type 2,Male,Rate,0.8130471216272639,0.7951057085904933,0.8309917282149692,1.8228378569829478e-40,0.9961718414176891
Western Sub-Saharan Africa,Prevalence,Diabetes mellitus,Both,Rate,0.9835085322379644,0.9623885658279985,1.0046329166593093,7.45044785578086e-41,0.9963800118091866
Western Sub-Saharan Africa,Prevalence,Diabetes mellitus,Female,Rate,0.9667665935724212,0.9441648686726145,0.9893733790715009,1.1220209665353491e-39,0.9957114299881595
Western Sub-Saharan Africa,Prevalence,Diabetes mellitus,Male,Rate,0.9894735020864021,0.97400926456086,1.0049401079703646,2.929709574321161e-45,0.9980795924891835
Western Sub-Saharan Africa,Prevalence,Diabetes mellitus type 1,Both,Rate,0.4162165903132342,0.39751626397346307,0.4349203998288642,1.2323262073728313e-30,0.9842523937972182
Western Sub-Saharan Africa,Prevalence,Diabetes mellitus type 1,Female,Rate,0.40918146759603147,0.3912790767754304,0.4270870508811475,5.337896040399672e-31,0.9850543469011088
Western Sub-Saharan Africa,Prevalence,Diabetes mellitus type 1,Male,Rate,0.43270099017902464,0.4122559367406131,0.4531502064579751,6.00726063151703e-30,0.9826143525798805
Western Sub-Saharan Africa,Prevalence,Diabetes mellitus type 2,Both,Rate,0.9853025001925753,0.9640838597427814,1.0065255999578415,8.154241922513917e-41,0.9963595340357276
Western Sub-Saharan Africa,Prevalence,Diabetes mellitus type 2,Female,Rate,0.9686081132517455,0.9458953821703586,0.9913259546761921,1.2341154084344076e-39,0.9956858339061515
Western Sub-Saharan Africa,Prevalence,Diabetes mellitus type 2,Male,Rate,0.9911556743332106,0.9756443203210008,1.006669411119021,3.0573875014569295e-45,0.998074465953877
Western Sub-Saharan Africa,Incidence,Diabetes mellitus,Both,Rate,0.7377338342726247,0.7034891500398377,0.7719901635676374,3.2827265696082875e-30,0.9832584230961674
Western Sub-Saharan Africa,Incidence,Diabetes mellitus,Female,Rate,0.8386409852945809,0.812521083216855,0.8647676548777516,1.0561144614054605e-35,0.9924032439627881
Western Sub-Saharan Africa,Incidence,Diabetes mellitus,Male,Rate,0.6967990367266141,0.6643008833745467,0.7293076816825561,3.83438980007683e-30,0.983095175931722
Western Sub-Saharan Africa,Incidence,Diabetes mellitus type 1,Both,Rate,0.47403690389780095,0.39385564744052193,0.5542821984762192,1.8965339706855365e-13,0.8141811911650477
Western Sub-Saharan Africa,Incidence,Diabetes mellitus type 1,Female,Rate,0.4489392877194076,0.3682437241661285,0.5296997301002415,9.308223977267033e-13,0.7948931672543638
Western Sub-Saharan Africa,Incidence,Diabetes mellitus type 1,Male,Rate,0.5048665128994045,0.4255626094295417,0.584233040953519,2.6116050235684143e-14,0.8357173480939091
Western Sub-Saharan Africa,Incidence,Diabetes mellitus type 2,Both,Rate,0.7383670219998306,0.7041944846269743,0.7725511553376307,2.9895220964123436e-30,0.9833559876061375
Western Sub-Saharan Africa,Incidence,Diabetes mellitus type 2,Female,Rate,0.8396575640391202,0.8136025118829604,0.8657193500657634,9.389016512695457e-36,0.9924588827511207
Western Sub-Saharan Africa,Incidence,Diabetes mellitus type 2,Male,Rate,0.6972278541180765,0.6648008516718429,0.7296653022263344,3.509709523718147e-30,0.9831883531050851
Western Sub-Saharan Africa,Deaths,Diabetes mellitus,Both,Rate,0.6342522321332256,0.5299384584521949,0.7386742458425299,8.850714688178767e-14,0.8227725537078927
Western Sub-Saharan Africa,Deaths,Diabetes mellitus,Female,Rate,0.24344646835490202,0.18068472177039663,0.3062475342637372,5.034651954642251e-9,0.650939523185421
Western Sub-Saharan Africa,Deaths,Diabetes mellitus,Male,Rate,0.9409470177090151,0.8139639068867721,1.068090073739314,3.7221659981686533e-16,0.8738883215253364
Western Sub-Saharan Africa,Deaths,Diabetes mellitus type 1,Both,Rate,-1.994931754115059,-2.0360856097294544,-1.9537606100956117,3.350977403266774e-41,0.9965563328734709
Western Sub-Saharan Africa,Deaths,Diabetes mellitus type 1,Female,Rate,-1.965525001635915,-2.0103622344532446,-1.9206672525936663,8.24174653906497e-40,0.9957933181732296
Western Sub-Saharan Africa,Deaths,Diabetes mellitus type 1,Male,Rate,-2.0060949923824123,-2.065685212167856,-1.9464685136584947,3.7157001249604404e-36,0.9928832817880285
Western Sub-Saharan Africa,Deaths,Diabetes mellitus type 2,Both,Rate,0.6761640845954764,0.5689424733437809,0.7835000102034639,3.308538506278733e-14,0.8332842190934688
Western Sub-Saharan Africa,Deaths,Diabetes mellitus type 2,Female,Rate,0.27576712488099897,0.21192440784820743,0.33965051464353024,4.5994337482922195e-10,0.6988429194409532
Western Sub-Saharan Africa,Deaths,Diabetes mellitus type 2,Male,Rate,0.9901557509724102,0.8589323063366239,1.1215499250818217,2.2159690026844277e-16,0.8778947582817077
Western Sub-Saharan Africa,DALYs (Disability-Adjusted Life Years),Diabetes mellitus,Both,Rate,0.6224620247164747,0.5527234075283438,0.6922490093138611,1.82970183656376e-18,0.9094333544307346
Western Sub-Saharan Africa,DALYs (Disability-Adjusted Life Years),Diabetes mellitus,Female,Rate,0.3824201696361218,0.34418256373425216,0.42067234653224705,6.550970185051113e-20,0.926410469360256
Western Sub-Saharan Africa,DALYs (Disability-Adjusted Life Years),Diabetes mellitus,Male,Rate,0.8510462868587032,0.7666268848403046,0.9355364130410271,4.8528980924553495e-20,0.9277745739291794
Western Sub-Saharan Africa,DALYs (Disability-Adjusted Life Years),Diabetes mellitus type 1,Both,Rate,-1.929353446183668,-1.9709112581177357,-1.8877780165021063,1.314582825427684e-40,0.9962492477625962
Western Sub-Saharan Africa,DALYs (Disability-Adjusted Life Years),Diabetes mellitus type 1,Female,Rate,-1.8630351828193836,-1.9290682294407335,-1.7969576748763316,9.900483320378656e-34,0.9899111039643789
Western Sub-Saharan Africa,DALYs (Disability-Adjusted Life Years),Diabetes mellitus type 1,Male,Rate,-1.9697841089103552,-2.0171854379467558,-1.9223598484445548,4.5307702354305243e-39,0.9953205659087654
Western Sub-Saharan Africa,DALYs (Disability-Adjusted Life Years),Diabetes mellitus type 2,Both,Rate,0.7220223597341757,0.6468874992320739,0.7972133098720802,2.0510067087783061e-19,0.9209826281539333
Western Sub-Saharan Africa,DALYs (Disability-Adjusted Life Years),Diabetes mellitus type 2,Female,Rate,0.4605954008160884,0.42075892419040084,0.5004476803981195,8.278448043999108e-22,0.943972656547593
Western Sub-Saharan Africa,DALYs (Disability-Adjusted Life Years),Diabetes mellitus type 2,Male,Rate,0.9693419953622939,0.8767984245399596,1.0619704649188932,1.520414759780402e-20,0.932817771674083
Western Sub-Saharan Africa,YLLs (Years of Life Lost),Diabetes mellitus,Both,Rate,0.4465287893565595,0.35256090941369056,0.5405846587077878,4.793860619611187e-11,0.7381373584183102
Western Sub-Saharan Africa,YLLs (Years of Life Lost),Diabetes mellitus,Female,Rate,0.04433705291091439,-0.011823732080162852,0.1005293819693609,0.11765958548725687,0.045847025312941714
Western Sub-Saharan Africa,YLLs (Years of Life Lost),Diabetes mellitus,Male,Rate,0.792124660829896,0.6771686678305633,0.9072119137812473,2.8904115983208197e-15,0.8567323731610753
Western Sub-Saharan Africa,YLLs (Years of Life Lost),Diabetes mellitus type 1,Both,Rate,-1.9901712411330652,-2.033670669395382,-1.9466524980686906,2.1172836806248598e-40,0.9961358505842136
Western Sub-Saharan Africa,YLLs (Years of Life Lost),Diabetes mellitus type 1,Female,Rate,-1.9397458352615526,-2.010298431144397,-1.8691424415019253,2.2759663965175768e-33,0.9893724966155927
Western Sub-Saharan Africa,YLLs (Years of Life Lost),Diabetes mellitus type 1,Male,Rate,-2.021020060348455,-2.0687676026490243,-1.9732492381632327,2.5421775217835726e-39,0.9954865356770413
Western Sub-Saharan Africa,YLLs (Years of Life Lost),Diabetes mellitus type 2,Both,Rate,0.586856258236268,0.4844276052075269,0.6893893217613689,4.2725906412117586e-13,0.8045700904970243
Western Sub-Saharan Africa,YLLs (Years of Life Lost),Diabetes mellitus type 2,Female,Rate,0.15080140872658632,0.09212768520392434,0.20950952662084354,9.952291099540718e-6,0.44475508659800267
Western Sub-Saharan Africa,YLLs (Years of Life Lost),Diabetes mellitus type 2,Male,Rate,0.9613185663685853,0.833252799461004,1.089546986371226,2.5765091136847975e-16,0.8767434556030915
Western Sub-Saharan Africa,YLDs (Years Lived with Disability),Diabetes mellitus,Both,Rate,0.9791397471678565,0.9505878895954334,1.0076996800629567,1.2735772702398834e-36,0.9933438660760494
Western Sub-Saharan Africa,YLDs (Years Lived with Disability),Diabetes mellitus,Female,Rate,0.9749946605577264,0.946106208998998,1.003891379326216,2.117162457928304e-36,0.9931290794010251
Western Sub-Saharan Africa,YLDs (Years Lived with Disability),Diabetes mellitus,Male,Rate,0.9828092591740223,0.9618367300513908,1.0037861448633834,6.095980021698352e-41,0.9964251194371105
Western Sub-Saharan Africa,YLDs (Years Lived with Disability),Diabetes mellitus type 1,Both,Rate,0.3678737885783212,0.3547742146006838,0.3809750724779848,7.961133037462695e-34,0.9900476014698303
Western Sub-Saharan Africa,YLDs (Years Lived with Disability),Diabetes mellitus type 1,Female,Rate,0.3643293257732161,0.3507594764885269,0.3779010100296798,3.310181756634812e-33,0.989120824611164
Western Sub-Saharan Africa,YLDs (Years Lived with Disability),Diabetes mellitus type 1,Male,Rate,0.38905589342943525,0.3744739733336999,0.40363993191627756,4.021878326900314e-33,0.988987640518036
Western Sub-Saharan Africa,YLDs (Years Lived with Disability),Diabetes mellitus type 2,Both,Rate,0.9808827378094076,0.9522238807179173,1.0095497307304635,1.3552182367220382e-36,0.9933179730185293
Western Sub-Saharan Africa,YLDs (Years Lived with Disability),Diabetes mellitus type 2,Female,Rate,0.9768355181187127,0.9478269750544,1.005852397128404,2.274423253059615e-36,0.9930982477674657
Western Sub-Saharan Africa,YLDs (Years Lived with Disability),Diabetes mellitus type 2,Male,Rate,0.9844097885703285,0.9633747725190211,1.005449187120755,6.362188712703818e-41,0.996415557599477
