location_name,measure_name,cause_name,sex_name,metric_name,value_1990,value_2023,lower_1990,lower_2023,upper_1990,upper_2023,absolute_change,relative_change_pct
Central Sub-Saharan Africa,Prevalence,Diabetes mellitus,Both,Rate,5009.60579879929,6217.14684598012,4513.17507930877,5705.12671706215,5451.54382506249,6773.94071202919,1207.54104718083,24.104512324507766
Central Sub-Saharan Africa,Prevalence,Diabetes mellitus,Female,Rate,4411.64833613247,5461.86435405227,3974.42597772602,4994.6513148207,4863.98737385608,6008.01785610387,1050.2160179198,23.805524327908834
Central Sub-Saharan Africa,Prevalence,Diabetes mellitus,Male,Rate,5674.54793397136,7095.81811792263,5087.80690864766,6485.64176194164,6207.02930327656,7712.28154361524,1421.2701839512702,25.046403704560618
Central Sub-Saharan Africa,Prevalence,Diabetes mellitus type 1,Both,Rate,14.49443880707,17.60945794042,10.0989195093,14.59876952172,19.23785634234,22.31307057274,3.1150191333499997,21.49113308085151
Central Sub-Saharan Africa,Prevalence,Diabetes mellitus type 1,Female,Rate,14.52182124072,17.60221293593,10.08291658302,14.57613117266,19.36128773706,22.32566929287,3.080391695210002,21.212158200738696
Central Sub-Saharan Africa,Prevalence,Diabetes mellitus type 1,Male,Rate,14.46609552197,17.61681674687,10.11688773484,14.60393855391,19.09216462099,22.29420238374,3.1507212249,21.780038850945814
Central Sub-Saharan Africa,Prevalence,Diabetes mellitus type 2,Both,Rate,4995.11135999221,6199.5373880397,4497.11314718712,5687.65205604504,5439.24132397747,6755.99895682934,1204.42602804749,24.112095632025476
Central Sub-Saharan Africa,Prevalence,Diabetes mellitus type 2,Female,Rate,4397.12651489174,5444.26214111634,3958.49755488766,4977.85817603418,4852.4075775121,5990.10627112462,1047.1356262246,23.814089102923642
Central Sub-Saharan Africa,Prevalence,Diabetes mellitus type 2,Male,Rate,5660.08183844938,7078.20130117575,5073.41894519697,6466.00952717228,6190.35258148061,7695.81904917394,1418.1194627263703,25.05475191353195
Central Sub-Saharan Africa,Incidence,Diabetes mellitus,Both,Rate,242.0733675879,284.66310088968,219.83270270647,262.25501773012,263.36316262779,313.5951126406,42.58973330177997,17.59372942433044
Central Sub-Saharan Africa,Incidence,Diabetes mellitus,Female,Rate,207.23717621529,244.53690794191,187.66845689473,222.8002716537,226.75362298567,271.19466607055,37.299731726619996,17.998571688638943
Central Sub-Saharan Africa,Incidence,Diabetes mellitus,Male,Rate,280.65681935075,328.18186223448,253.50767482077,301.45578622183,306.928563361,358.27691324933,47.52504288372995,16.93350726117069
Central Sub-Saharan Africa,Incidence,Diabetes mellitus type 1,Both,Rate,0.55131867318,0.7039682255,0.4511251348,0.44640651367,0.68863540999,1.36879649933,0.15264955232,27.688079462195446
Central Sub-Saharan Africa,Incidence,Diabetes mellitus type 1,Female,Rate,0.55213855448,0.70035974726,0.45120024584,0.44449764822,0.69000056364,1.33747941115,0.14822119278,26.844927161370503
Central Sub-Saharan Africa,Incidence,Diabetes mellitus type 1,Male,Rate,0.55051640353,0.70759655467,0.45060416866,0.44818907128,0.6872982723,1.37991456841,0.15708015114000007,28.533237181086115
Central Sub-Saharan Africa,Incidence,Diabetes mellitus type 2,Both,Rate,241.52204891472,283.95913266419,219.25161695704,261.53330632481,262.79155660641,312.93604860045,42.43708374947002,17.570687206472947
Central Sub-Saharan Africa,Incidence,Diabetes mellitus type 2,Female,Rate,206.68503766081,243.83654819464,187.16495412483,222.15416952419,226.28018556691,270.60521441816,37.15151053382999,17.974939528423526
Central Sub-Saharan Africa,Incidence,Diabetes mellitus type 2,Male,Rate,280.10630294722,327.4742656798,252.91405414613,300.86432896577,306.31863165634,357.67966755075,47.36796273258,16.9107093393416
Central Sub-Saharan Africa,Deaths,Diabetes mellitus,Both,Rate,30.5523596655682,33.9033731230826,20.7267273597552,22.8851876735497,42.2232663472822,47.0013549683866,3.3510134575144015,10.968100317603025
Central Sub-Saharan Africa,Deaths,Diabetes mellitus,Female,Rate,22.3858399069663,23.4017128957168,14.0628553061383,14.1971830227787,33.7647801565513,37.5706531694418,1.0158729887504983,4.5380159644327955
Central Sub-Saharan Africa,Deaths,Diabetes mellitus,Male,Rate,39.8833309422754,48.1928844841263,24.5836329510525,29.0338992894866,62.5959858005528,71.906667440607393,8.309553541850903,20.834652837491486
Central Sub-Saharan Africa,Deaths,Diabetes mellitus type 1,Both,Rate,0.912669173381033,0.613975998799192,0.587616851045563,0.330823199673744,1.42385673645252,1.01693706291022,-0.2986931745818411,-32.7274310663212
Central Sub-Saharan Africa,Deaths,Diabetes mellitus type 1,Female,Rate,0.57025381360314,0.378335729242424,0.303320396584867,0.193665375946756,1.01292260144102,0.63939024827038,-0.191918084360716,-33.65485329209541
Central Sub-Saharan Africa,Deaths,Diabetes mellitus type 1,Male,Rate,1.25976872575277,0.852025374254288,0.718335045859056,0.431208752852331,2.23474283530989,1.51902959990597,-0.40774335149848207,-32.366524359845215
Central Sub-Saharan Africa,Deaths,Diabetes mellitus type 2,Both,Rate,29.6396904921872,33.2893971242834,20.0947442492151,22.5140832148369,41.2897246924095,46.3002333968864,3.6497066320961977,12.313578757032673
Central Sub-Saharan Africa,Deaths,Diabetes mellitus type 2,Female,Rate,21.8155860933632,23.0233771664743,13.7182238038227,13.9287699067472,33.1086229120181,37.0253657521164,1.2077910731110997,5.536367750754767
Central Sub-Saharan Africa,Deaths,Diabetes mellitus type 2,Male,Rate,38.6235622165226,47.340859109872,23.4386362974244,28.5989975225619,60.7674348749911,70.7642027508005,8.717296893349399,22.56989359106878
Central Sub-Saharan Africa,DALYs (Disability-Adjusted Life Years),Diabetes mellitus,Both,Rate,1207.22029038559,1384.01307104355,922.624061216852,1075.06856566887,1532.73396557392,1754.86503312752,176.79278065796007,14.644616402321397
Central Sub-Saharan Africa,DALYs (Disability-Adjusted Life Years),Diabetes mellitus,Female,Rate,930.901584755994,1034.2032205407,660.523875202836,739.45421600954,1257.34458869254,1412.97412882856,103.30163578470592,11.096944884005456
Central Sub-Saharan Africa,DALYs (Disability-Adjusted Life Years),Diabetes mellitus,Male,Rate,1516.16777060973,1804.4075803399,1082.04458605528,1324.6255187832,2100.03470963631,2469.84549978018,288.23980973017,19.011076169641417
Central Sub-Saharan Africa,DALYs (Disability-Adjusted Life Years),Diabetes mellitus type 1,Both,Rate,60.1428160364332,39.2204574178994,40.6322534630877,22.8966473000694,89.1302185798484,61.2676884186235,-20.922358618533806,-34.78779345127355
Central Sub-Saharan Africa,DALYs (Disability-Adjusted Life Years),Diabetes mellitus type 1,Female,Rate,36.4455940597525,23.6799976375385,21.7457312055078,13.0844020895771,56.9416198688237,37.5224781898129,-12.765596422214003,-35.02644627299757
Central Sub-Saharan Africa,DALYs (Disability-Adjusted Life Years),Diabetes mellitus type 1,Male,Rate,83.9498963518521,54.7213484294262,51.3341432668652,30.6408836000923,133.977062205624,90.5489901718592,-29.228547922425903,-34.816657545260995
Central Sub-Saharan Africa,DALYs (Disability-Adjusted Life Years),Diabetes mellitus type 2,Both,Rate,1147.07747434916,1344.79261362565,876.584845829027,1043.31268328582,1461.48680407758,1703.40876155331,197.71513927648994,17.236424190848275
Central Sub-Saharan Africa,DALYs (Disability-Adjusted Life Years),Diabetes mellitus type 2,Female,Rate,894.455990696242,1010.52322290316,632.7837730412,719.267038279902,1204.73140838228,1383.885524605,116.06723220691799,12.976293234569503
Central Sub-Saharan Africa,DALYs (Disability-Adjusted Life Years),Diabetes mellitus type 2,Male,Rate,1432.21787425787,1749.68623191048,1010.80230247927,1290.04193613641,1968.86459717575,2386.34601588973,317.46835765260994,22.166205530503657
Central Sub-Saharan Africa,YLLs (Years of Life Lost),Diabetes mellitus,Both,Rate,751.107318254753,819.59223994436,507.964866232041,557.250076586307,1036.86183780491,1126.42226394477,68.48492168960706,9.117861059952958
Central Sub-Saharan Africa,YLLs (Years of Life Lost),Diabetes mellitus,Female,Rate,533.031670378658,541.998400496322,340.388502011834,322.528781623234,800.806091353793,869.803213188106,8.966730117664042,1.6822133873010126
Central Sub-Saharan Africa,YLLs (Years of Life Lost),Diabetes mellitus,Male,Rate,994.760394168805,1154.41093305682,631.982159570798,686.37038387234,1547.77243465152,1716.49768601031,159.65053888801515,16.04914508296391
Central Sub-Saharan Africa,YLLs (Years of Life Lost),Diabetes mellitus type 1,Both,Rate,58.9636359537119,37.8277870198356,39.5440268757506,21.4265202180931,88.1292475994658,60.0049276443201,-21.135848933876304,-35.84556581698683
Central Sub-Saharan Africa,YLLs (Years of Life Lost),Diabetes mellitus type 1,Female,Rate,35.2749539051327,22.2872177511927,20.6424109059383,12.007345924918,55.4209365501743,36.3252922937488,-12.987736153939998,-36.818577251351734
Central Sub-Saharan Africa,YLLs (Years of Life Lost),Diabetes mellitus type 1,Male,Rate,82.76046665975,53.3277270890749,50.2074458168998,29.4203993443396,132.655457515878,89.4993460761599,-29.432739570675096,-35.56376704795638
Central Sub-Saharan Africa,YLLs (Years of Life Lost),Diabetes mellitus type 2,Both,Rate,692.143682301041,781.764452924525,463.23686674685,535.781650459284,958.209746148102,1078.17539225839,89.62077062348396,12.94828991655872
Central Sub-Saharan Africa,YLLs (Years of Life Lost),Diabetes mellitus type 2,Female,Rate,497.756716473525,519.711182745129,309.679283546926,310.853287054835,759.083033770949,835.731952957975,21.95446627160402,4.410682075200434
Central Sub-Saharan Africa,YLLs (Years of Life Lost),Diabetes mellitus type 2,Male,Rate,911.999927509055,1101.08320596774,555.37665341238,659.660420052543,1416.49039528642,1636.37932846858,189.08327845868496,20.732817268432036
Central Sub-Saharan Africa,YLDs (Years Lived with Disability),Diabetes mellitus,Both,Rate,456.11298398977,564.42084577412,316.9643024957,387.28981002079,630.45846143988,766.2199897877,108.30786178435005,23.745840523316318
Central Sub-Saharan Africa,YLDs (Years Lived with Disability),Diabetes mellitus,Female,Rate,397.86992472195,492.20483284169,274.35715585123,336.63635827308,538.26851590688,663.32815257758,94.33490811974002,23.70998717373918
Central Sub-Saharan Africa,YLDs (Years Lived with Disability),Diabetes mellitus,Male,Rate,521.40738999751,649.99666418299,355.86809420824,446.51272498425,722.00985899246,884.05868881326,128.58927418548,24.661958509275085
Central Sub-Saharan Africa,YLDs (Years Lived with Disability),Diabetes mellitus type 1,Both,Rate,1.17918011338,1.39267043427,0.66089650187,0.87108751744,1.94762834959,1.99934701888,0.21349032089000008,18.104979762425934
Central Sub-Saharan Africa,YLDs (Years Lived with Disability),Diabetes mellitus type 1,Female,Rate,1.17064018506,1.39277992256,0.63593012477,0.84936199813,1.92353782658,2.09567063669,0.22213973750000005,18.975919358911675
Central Sub-Saharan Africa,YLDs (Years Lived with Disability),Diabetes mellitus type 1,Male,Rate,1.18942972303,1.39362137659,0.69582297155,0.89510498805,1.9274003017,1.96088639392,0.20419165356000013,17.16718941913056
Central Sub-Saharan Africa,YLDs (Years Lived with Disability),Diabetes mellitus type 2,Both,Rate,454.93380387639,563.02817533985,316.08647440947,386.17483747829,629.02628889496,764.39560602527,108.09437146345999,23.76046153141662
Central Sub-Saharan Africa,YLDs (Years Lived with Disability),Diabetes mellitus type 2,Female,Rate,396.69928453689,490.81205291914,273.40234583692,335.76170227895,536.31762218478,661.5650878525,94.11276838225001,23.723957176307486
Central Sub-Saharan Africa,YLDs (Years Lived with Disability),Diabetes mellitus type 2,Male,Rate,520.21796027448,648.60304280641,355.0967734075,445.50577210951,720.32169193642,882.32846371754,128.38508253193004,24.679094598000972
Eastern Sub-Saharan Africa,Prevalence,Diabetes mellitus,Both,Rate,2717.37987571254,3142.8121777581,2470.82118542281,2876.6786325891,2959.40268169302,3403.59718680496,425.43230204555994,15.65597456020038
Eastern Sub-Saharan Africa,Prevalence,Diabetes mellitus,Female,Rate,2534.16799165194,2963.16391193016,2298.79767284552,2711.96477867838,2758.47598583926,3213.21166183842,428.9959202782197,16.928472054394916
Eastern Sub-Saharan Africa,Prevalence,Diabetes mellitus,Male,Rate,2911.99187226884,3351.92909976125,2650.6234276248,3073.40088124351,3171.57850675552,3622.45695075715,439.93722749241033,15.10777662815519
Eastern Sub-Saharan Africa,Prevalence,Diabetes mellitus type 1,Both,Rate,23.74197541093,31.389712707,16.53860580739,25.45173669698,31.1826175224,40.84994971151,7.647737296070002,32.211882809672375
Eastern Sub-Saharan Africa,Prevalence,Diabetes mellitus type 1,Female,Rate,24.13115684556,31.86990386368,16.78015965168,25.81086296954,31.7788098373,41.49086239299,7.7387470181200015,32.0695235112356
Eastern Sub-Saharan Africa,Prevalence,Diabetes mellitus type 1,Male,Rate,23.33893648153,30.89062442955,16.27273495673,25.07523781158,30.57914969732,40.22079791033,7.551687948020003,32.356606968771985
Eastern Sub-Saharan Africa,Prevalence,Diabetes mellitus type 2,Both,Rate,2693.6379003016,3111.4224650511,2446.03136517078,2837.39756117246,2937.66178381115,3374.89365074273,417.7845647495001,15.51004924242867
Eastern Sub-Saharan Africa,Prevalence,Diabetes mellitus type 2,Female,Rate,2510.03683480638,2931.29400806648,2273.34389880634,2682.08087282611,2731.56423814307,3179.96556472214,421.2571732601,16.782908020256016
Eastern Sub-Saharan Africa,Prevalence,Diabetes mellitus type 2,Male,Rate,2888.65293578731,3321.0384753317,2628.52085367994,3034.72147616526,3152.81714712816,3597.48567144321,432.38553954438976,14.968414314769252
Eastern Sub-Saharan Africa,Incidence,Diabetes mellitus,Both,Rate,159.71662006981,173.81837586185,146.41566791602,161.5946735391,173.04783520208,187.46958378306,14.101755792039995,8.82923504509192
Eastern Sub-Saharan Africa,Incidence,Diabetes mellitus,Female,Rate,140.13637448919,154.8277927757,127.82426603422,143.48096793808,151.50584110605,166.44526795953,14.691418286510014,10.483658036724286
Eastern Sub-Saharan Africa,Incidence,Diabetes mellitus,Male,Rate,178.76538134048,194.53919087484,164.86744673192,180.78219500338,194.17287540763,209.11158489036,15.773809534359998,8.82374955155154
Eastern Sub-Saharan Africa,Incidence,Diabetes mellitus type 1,Both,Rate,0.88272325613,1.4512815362,0.72031603517,0.87854948302,1.1153058308,3.43126729936,0.56855828007,64.40957300282881
Eastern Sub-Saharan Africa,Incidence,Diabetes mellitus type 1,Female,Rate,0.89648867851,1.461326067,0.73097350319,0.88426398667,1.13431225031,3.47588797934,0.5648373884899999,63.005523887795455
Eastern Sub-Saharan Africa,Incidence,Diabetes mellitus type 1,Male,Rate,0.86880478848,1.44172638635,0.70910644718,0.87253026596,1.09622176373,3.38817154817,0.5729215978700001,65.94365103262652
Eastern Sub-Saharan Africa,Incidence,Diabetes mellitus type 2,Both,Rate,158.83389681368,172.36709432565,145.48324601584,160.22382626351,172.26178301309,185.68947553547,13.533197511969973,8.520345961067166
Eastern Sub-Saharan Africa,Incidence,Diabetes mellitus type 2,Female,Rate,139.23988581068,153.3664667087,127.01624483744,142.03418056679,150.62038853183,165.27312754419,14.126580898019995,10.145498766946304
Eastern Sub-Saharan Africa,Incidence,Diabetes mellitus type 2,Male,Rate,177.896576552,193.0974644885,164.07483508809,179.4985936259,193.36843484427,207.6089930235,15.20088793650001,8.544789467635837
Eastern Sub-Saharan Africa,Deaths,Diabetes mellitus,Both,Rate,36.7340733429372,36.2591218551412,27.3282711188992,27.1863195661545,47.84591054786,48.2327397643055,-0.47495148779599816,-1.2929453354165399
Eastern Sub-Saharan Africa,Deaths,Diabetes mellitus,Female,Rate,32.239005150734,29.045592984283,21.742256687748,19.6269473924978,45.8344271627728,41.6713629125177,-3.193412166451001,-9.905430243644775
Eastern Sub-Saharan Africa,Deaths,Diabetes mellitus,Male,Rate,41.6348294331602,44.5854961597982,26.4449913624051,28.8863824092747,62.7265917122569,63.6241487905706,2.950666726637998,7.0870152869845215
Eastern Sub-Saharan Africa,Deaths,Diabetes mellitus type 1,Both,Rate,1.12227572710122,0.611843784216342,0.746841203916165,0.398273983429686,1.6734814032235,0.92589248525597,-0.510431942884878,-45.48186604759752
Eastern Sub-Saharan Africa,Deaths,Diabetes mellitus type 1,Female,Rate,0.870973118801425,0.431979006688149,0.493140184668466,0.234136074601985,1.46666802046947,0.732385775985433,-0.43899411211327605,-50.402716529000394
Eastern Sub-Saharan Africa,Deaths,Diabetes mellitus type 1,Male,Rate,1.38251650415232,0.798274832889983,0.851076791093591,0.472039726626713,2.24079323905379,1.32865448970194,-0.584241671262337,-42.259290902321666
Eastern Sub-Saharan Africa,Deaths,Diabetes mellitus type 2,Both,Rate,35.611797615836,35.6472780709248,26.4222270750764,26.7583462299464,46.5918417248522,47.5321795609663,0.03548045508880193,0.09963118254110448
Eastern Sub-Saharan Africa,Deaths,Diabetes mellitus type 2,Female,Rate,31.3680320319326,28.6136139775948,20.9083469239453,19.2848323580412,44.9326062061529,41.096820396971,-2.754418054337801,-8.78097182358718
Eastern Sub-Saharan Africa,Deaths,Diabetes mellitus type 2,Male,Rate,40.2523129290079,43.7872213269082,25.52274239091,28.2988538464351,60.5603386042056,62.4879237855785,3.5349083979003026,8.781876470390015
Eastern Sub-Saharan Africa,DALYs (Disability-Adjusted Life Years),Diabetes mellitus,Both,Rate,1163.68284655138,1134.96250359008,928.774213846961,899.97999605754,1449.84722394543,1381.48152806023,-28.720342961300048,-2.4680558836468136
Eastern Sub-Saharan Africa,DALYs (Disability-Adjusted Life Years),Diabetes mellitus,Female,Rate,1014.80541565046,935.799095992989,746.875846232592,679.734771359758,1359.92052519324,1223.87930523748,-79.00631965747095,-7.785366380492786
Eastern Sub-Saharan Africa,DALYs (Disability-Adjusted Life Years),Diabetes mellitus,Male,Rate,1318.43504415987,1354.1530488981,961.748127183786,990.582462587042,1860.03922973028,1788.87551248854,35.71800473823009,2.70912130987766
Eastern Sub-Saharan Africa,DALYs (Disability-Adjusted Life Years),Diabetes mellitus type 1,Both,Rate,74.8620063045951,40.234695805177,52.5790738123728,27.5639253278539,102.903574821245,56.6809848162048,-34.6273104994181,-46.25485237268167
Eastern Sub-Saharan Africa,DALYs (Disability-Adjusted Life Years),Diabetes mellitus type 1,Female,Rate,56.5222117589684,28.2846996719454,34.3568244295175,18.1718106760906,87.7042186141832,43.9523619886327,-28.237512087023003,-49.95825748546109
Eastern Sub-Saharan Africa,DALYs (Disability-Adjusted Life Years),Diabetes mellitus type 1,Male,Rate,93.6788109987399,52.4901422802836,59.0099462068157,33.6792161817654,142.462192117058,81.1109478079735,-41.188668718456306,-43.967967013384005
Eastern Sub-Saharan Africa,DALYs (Disability-Adjusted Life Years),Diabetes mellitus type 2,Both,Rate,1088.82084024678,1094.7278077849,853.549140371403,862.790181623878,1370.46831419084,1329.56822364908,5.906967538119943,0.5425105141063646
Eastern Sub-Saharan Africa,DALYs (Disability-Adjusted Life Years),Diabetes mellitus type 2,Female,Rate,958.28320389149,907.514396321045,700.344714402481,659.464447288629,1292.80806510849,1186.74188682134,-50.768807570445006,-5.297891830335555
Eastern Sub-Saharan Africa,DALYs (Disability-Adjusted Life Years),Diabetes mellitus type 2,Male,Rate,1224.75623316113,1301.66290661781,885.422022004841,953.841733516564,1716.89646086011,1726.27157827444,76.90667345667998,6.279345340270837
Eastern Sub-Saharan Africa,YLLs (Years of Life Lost),Diabetes mellitus,Both,Rate,898.381951513456,828.025647568446,673.527628188854,627.975196321211,1177.14124260165,1093.29715535921,-70.35630394501004,-7.83144672780709
Eastern Sub-Saharan Africa,YLLs (Years of Life Lost),Diabetes mellitus,Female,Rate,770.180703799932,649.455717058893,519.218936164877,440.060554159453,1080.45744950198,909.685669799911,-120.72498674103895,-15.67489111911059
Eastern Sub-Saharan Africa,YLLs (Years of Life Lost),Diabetes mellitus,Male,Rate,1031.35317679737,1023.34540916647,672.561526992664,680.638888187355,1528.32272082494,1456.98069572986,-8.007767630900048,-0.77643311826181
Eastern Sub-Saharan Africa,YLLs (Years of Life Lost),Diabetes mellitus type 1,Both,Rate,72.8421131289277,37.7256532177746,50.6472141959656,25.3060833830925,100.781177326267,54.6480332637733,-35.11645991115311,-48.20900767801497
Eastern Sub-Saharan Africa,YLLs (Years of Life Lost),Diabetes mellitus type 1,Female,Rate,54.4678054791136,25.7382918122064,32.3342707121502,15.2527677503543,85.7565743534878,41.5228292114548,-28.729513666907202,-52.74586228359046
Eastern Sub-Saharan Africa,YLLs (Years of Life Lost),Diabetes mellitus type 1,Male,Rate,91.6962817652852,50.020999499755,57.4117021781669,30.7461947658871,140.32847679964,78.7313884419801,-41.67528226553021,-45.44926082412627
Eastern Sub-Saharan Africa,YLLs (Years of Life Lost),Diabetes mellitus type 2,Both,Rate,825.539838384528,790.299994350671,618.316891053276,593.731757255707,1097.41282688739,1050.85007987859,-35.239844033857025,-4.268703022596309
Eastern Sub-Saharan Africa,YLLs (Years of Life Lost),Diabetes mellitus type 2,Female,Rate,715.712898320818,623.717425246687,473.334134239867,417.688991768734,1024.18657686776,876.908193267269,-91.99547307413104,-12.85368382908395
Eastern Sub-Saharan Africa,YLLs (Years of Life Lost),Diabetes mellitus type 2,Male,Rate,939.656895032089,973.324409666719,594.771812230385,644.924575409506,1397.21088172018,1387.99454083861,33.66751463463004,3.5829582917582092
Eastern Sub-Saharan Africa,YLDs (Years Lived with Disability),Diabetes mellitus,Both,Rate,265.30090193574,306.93686400199,184.10987445491,213.17699992555,359.92707869933,413.40788439799,41.63596206624999,15.693863745828818
Eastern Sub-Saharan Africa,YLDs (Years Lived with Disability),Diabetes mellitus,Female,Rate,244.62471821076,286.34338637902,171.48554281263,201.1224263796,334.20457553496,384.39633446032,41.718668168259995,17.054150730719165
Eastern Sub-Saharan Africa,YLDs (Years Lived with Disability),Diabetes mellitus,Male,Rate,287.08187482662,330.80764833262,198.48565740458,228.24407492822,387.51388368238,447.90742573407,43.725773505999996,15.231116047436899
Eastern Sub-Saharan Africa,YLDs (Years Lived with Disability),Diabetes mellitus type 1,Both,Rate,2.01989322818,2.50904265264,1.22900663988,1.61847471551,3.34823507355,3.53272106145,0.48914942445999987,24.216598067450423
Eastern Sub-Saharan Africa,YLDs (Years Lived with Disability),Diabetes mellitus type 1,Female,Rate,2.05440633327,2.54640792595,1.24137225166,1.63702532016,3.44991375995,3.573503872,0.4920015926799999,23.948601827803007
Eastern Sub-Saharan Africa,YLDs (Years Lived with Disability),Diabetes mellitus type 1,Male,Rate,1.982529285,2.46914284473,1.21537242534,1.5881252642,3.24161784453,3.49499112729,0.48661355972999987,24.54508810597469
Eastern Sub-Saharan Africa,YLDs (Years Lived with Disability),Diabetes mellitus type 2,Both,Rate,263.28100870756,304.42782134935,182.91699106635,211.51672684721,357.35570015064,410.05518344436,41.14681264179001,15.62847728507981
Eastern Sub-Saharan Africa,YLDs (Years Lived with Disability),Diabetes mellitus type 2,Female,Rate,242.5703118775,283.79697845307,170.14136560651,199.43636087666,331.53663265595,381.07878949665,41.22666657556999,16.995759397130918
Eastern Sub-Saharan Africa,YLDs (Years Lived with Disability),Diabetes mellitus type 2,Male,Rate,285.09934554162,328.33850548789,197.25230761927,226.66847163817,384.87401508661,444.55899283604,43.239159946270036,15.166348370293893
Southern Sub-Saharan Africa,Prevalence,Diabetes mellitus,Both,Rate,5191.02629884554,6626.6386712039,4661.27133435579,6006.17228351177,5704.388125793,7212.65859693499,1435.6123723583605,27.655655928339918
Southern Sub-Saharan Africa,Prevalence,Diabetes mellitus,Female,Rate,4823.0332184321,5950.10843456881,4331.72961216402,5378.54206160366,5296.01849320787,6457.9196606685,1127.07521613671,23.368597417687
Southern Sub-Saharan Africa,Prevalence,Diabetes mellitus,Male,Rate,5650.68463762042,7484.51498385429,5066.6207211566,6773.08952125897,6227.11240355197,8161.04516371172,1833.83034623387,32.45324175454465
Southern Sub-Saharan Africa,Prevalence,Diabetes mellitus type 1,Both,Rate,14.75681132802,17.09022797149,10.44275114242,14.29949490194,19.43021003795,21.49549705813,2.3334166434699988,15.812471892483604
Southern Sub-Saharan Africa,Prevalence,Diabetes mellitus type 1,Female,Rate,14.78846604738,17.09064010828,10.43233830856,14.28485751747,19.49622534611,21.44945938943,2.3021740608999988,15.567362115341666
Southern Sub-Saharan Africa,Prevalence,Diabetes mellitus type 1,Male,Rate,14.72217987043,17.0903505446,10.45132227647,14.3100040653,19.35568815094,21.49975084743,2.368170674169999,16.085733872376817
Southern Sub-Saharan Africa,Prevalence,Diabetes mellitus type 2,Both,Rate,5176.26948751752,6609.54844323241,4648.02214433449,5988.91611242981,5688.46072657685,7197.02364801983,1433.27895571489,27.68941916898291
Southern Sub-Saharan Africa,Prevalence,Diabetes mellitus type 2,Female,Rate,4808.24475238471,5933.01779446053,4313.427853011,5360.04489747515,5284.14567209843,6440.5575043439,1124.7730420758198,23.39259126769648
Southern Sub-Saharan Africa,Prevalence,Diabetes mellitus type 2,Male,Rate,5635.96245774999,7467.42463330968,5049.1075851969,6754.29611548762,6214.74200677967,8145.46084238752,1831.46217555969,32.495996722640584
Southern Sub-Saharan Africa,Incidence,Diabetes mellitus,Both,Rate,288.85857405356,359.19854706774,262.6443859856,330.2349025555,314.20592999153,387.40326682525,70.33997301417998,24.351007493770148
Southern Sub-Saharan Africa,Incidence,Diabetes mellitus,Female,Rate,271.4706064389,327.00422425762,247.46074867243,300.83795066107,294.38039237058,352.69247083142,55.53361781872002,20.456585907107772
Southern Sub-Saharan Africa,Incidence,Diabetes mellitus,Male,Rate,308.34836646181,395.44493202081,279.73994448743,363.2953871598,338.78438312905,428.2477377011,87.096565559,28.246157603623057
Southern Sub-Saharan Africa,Incidence,Diabetes mellitus type 1,Both,Rate,0.5504178117,0.66966630724,0.45177080536,0.4347963989,0.68544607072,1.19959311961,0.11924849553999994,21.665086595161863
Southern Sub-Saharan Africa,Incidence,Diabetes mellitus type 1,Female,Rate,0.55126170172,0.66703028342,0.45226461099,0.43314092256,0.68679843501,1.19439194394,0.11576858170000004,21.000657462469952
Southern Sub-Saharan Africa,Incidence,Diabetes mellitus type 1,Male,Rate,0.54957821101,0.67242120214,0.45118144887,0.4365962159,0.68409065121,1.20554599938,0.12284299112999997,22.352230978051768
Southern Sub-Saharan Africa,Incidence,Diabetes mellitus type 2,Both,Rate,288.30815624186,358.5288807605,262.04820032437,329.569960901,313.6972086962,386.74887438811,70.22072451864,24.356135266507085
Southern Sub-Saharan Africa,Incidence,Diabetes mellitus type 2,Female,Rate,270.91934473718,326.33719397421,246.86421240569,300.08291826703,293.85638655803,352.06511637343,55.41784923703,20.455478840313557
Southern Sub-Saharan Africa,Incidence,Diabetes mellitus type 2,Male,Rate,307.7987882508,394.77251081867,279.148455934,362.64184711873,338.27612857539,427.54267645862,86.97372256787003,28.256681276146644
Southern Sub-Saharan Africa,Deaths,Diabetes mellitus,Both,Rate,40.1584507077506,63.015584078105,32.0989764526379,51.1988000190205,50.3866741421851,76.5644135464552,22.857133370354397,56.91736849286111
Southern Sub-Saharan Africa,Deaths,Diabetes mellitus,Female,Rate,41.2956229974382,59.0641128544862,28.9380991805845,40.4903610083503,57.6156479360146,78.6479075632772,17.768489857047996,43.027537950330164
Southern Sub-Saharan Africa,Deaths,Diabetes mellitus,Male,Rate,38.5112551424911,68.8085012344362,27.5543171747691,53.8563924396812,53.0152430995894,87.0582380641112,30.297246091945105,78.67114686302932
Southern Sub-Saharan Africa,Deaths,Diabetes mellitus type 1,Both,Rate,0.416401084690754,0.395430671208546,0.297679324409353,0.278901461683562,0.5671101143448,0.556004668616805,-0.02097041348220796,-5.036109235349839
Southern Sub-Saharan Africa,Deaths,Diabetes mellitus type 1,Female,Rate,0.401694776568053,0.360921924977531,0.263839598070471,0.231203400101195,0.578214165464247,0.556975298588414,-0.04077285159052202,-10.150207064894335
Southern Sub-Saharan Africa,Deaths,Diabetes mellitus type 1,Male,Rate,0.435582383301784,0.435476972061947,0.2811565198774,0.259031938051703,0.686936322663093,0.745029542057785,-1.054112398369833e-4,-0.024200069579938255
Southern Sub-Saharan Africa,Deaths,Diabetes mellitus type 2,Both,Rate,39.7420496230599,62.6201534068965,31.6858212251138,50.905106892576804,49.98923159596,76.1939610474215,22.8781037838366,57.566491916818066
Southern Sub-Saharan Africa,Deaths,Diabetes mellitus type 2,Female,Rate,40.8939282208702,58.7031909295087,28.6041457435537,40.2263536230842,57.1595989991541,78.3031751924798,17.8092627086385,43.54989477276372
Southern Sub-Saharan Africa,Deaths,Diabetes mellitus type 2,Male,Rate,38.0756727591894,68.3730242623743,27.2404635978278,53.5593439009365,52.5490566732405,86.6695632805982,30.2973515031849,79.57141478445122
Southern Sub-Saharan Africa,DALYs (Disability-Adjusted Life Years),Diabetes mellitus,Both,Rate,1391.91950071458,2005.33589878591,1127.70951284051,1681.62394870927,1652.61835141321,2371.78532797562,613.4163980713301,44.06981853163319
Southern Sub-Saharan Africa,DALYs (Disability-Adjusted Life Years),Diabetes mellitus,Female,Rate,1378.29329015566,1836.58522624695,1030.04906827269,1403.04703181359,1746.58223705391,2319.61500251693,458.2919360912899,33.25068324460405
Southern Sub-Saharan Africa,DALYs (Disability-Adjusted Life Years),Diabetes mellitus,Male,Rate,1406.24955541608,2230.6407623572,1097.34239487632,1834.31369152615,1792.24732276499,2670.40765360822,824.3912069411199,58.62339324951464
Southern Sub-Saharan Africa,DALYs (Disability-Adjusted Life Years),Diabetes mellitus type 1,Both,Rate,27.5945786839163,24.7315604710092,20.4336379794556,18.4955209076135,36.2863047204648,34.0171465021785,-2.8630182129071002,-10.375292356160637
Southern Sub-Saharan Africa,DALYs (Disability-Adjusted Life Years),Diabetes mellitus type 1,Female,Rate,27.5002620029606,23.3779170811496,18.9143690302927,16.069781364497,38.3354114363709,34.5869266386782,-4.122344921810999,-14.990202352861948
Southern Sub-Saharan Africa,DALYs (Disability-Adjusted Life Years),Diabetes mellitus type 1,Male,Rate,27.8058736537881,26.2392966656873,19.0503420326758,16.8287199802219,41.0815724538333,41.4481380738493,-1.5665769881008025,-5.63397866079055
Southern Sub-Saharan Africa,DALYs (Disability-Adjusted Life Years),Diabetes mellitus type 2,Both,Rate,1364.32492203066,1980.6043383149,1101.21742402159,1660.59860406128,1618.26181335603,2348.71934210754,616.2794162842399,45.17101508099479
Southern Sub-Saharan Africa,DALYs (Disability-Adjusted Life Years),Diabetes mellitus type 2,Female,Rate,1350.7930281527,1813.2073091658,1008.1538860462,1382.58288012372,1718.40515792061,2288.18812655486,462.4142810131002,34.232800390262796
Southern Sub-Saharan Africa,DALYs (Disability-Adjusted Life Years),Diabetes mellitus type 2,Male,Rate,1378.4436817623,2204.40146569151,1076.77830114716,1812.13950372413,1755.5958392414,2635.39148133385,825.9577839292101,59.91958865328812
Southern Sub-Saharan Africa,YLLs (Years of Life Lost),Diabetes mellitus,Both,Rate,900.406659471051,1378.80186026023,730.657689553642,1141.7223989011,1114.45650601036,1649.93297944362,478.39520078917894,53.13101538700469
Southern Sub-Saharan Africa,YLLs (Years of Life Lost),Diabetes mellitus,Female,Rate,922.825332850338,1276.40910381584,648.139139838203,884.867520472383,1278.9321802064,1682.06034987549,353.5837709655019,38.315351603253546
Southern Sub-Saharan Africa,YLLs (Years of Life Lost),Diabetes mellitus,Male,Rate,868.882002391853,1518.0544389802,628.310855442196,1181.69039757971,1190.78988042938,1929.20151627851,649.1724365883471,74.71353242457654
Southern Sub-Saharan Africa,YLLs (Years of Life Lost),Diabetes mellitus type 1,Both,Rate,26.3913759905603,23.3672269909957,19.4305204406456,17.0292801207737,34.9460976195898,32.3191731008219,-3.0241489995645985,-11.458853076271126
Southern Sub-Saharan Africa,YLLs (Years of Life Lost),Diabetes mellitus type 1,Female,Rate,26.3035255038648,22.0168087524542,17.8362693262714,14.5950526476344,36.8905746439737,33.3649543156951,-4.2867167514106015,-16.297118615452334
Southern Sub-Saharan Africa,YLLs (Years of Life Lost),Diabetes mellitus type 1,Male,Rate,26.5940593539104,24.8692034225631,17.6929839271655,15.3188961515826,39.8386022226576,40.0652358829309,-1.7248559313472995,-6.485869300331826
Southern Sub-Saharan Africa,YLLs (Years of Life Lost),Diabetes mellitus type 2,Both,Rate,874.015283480491,1355.43463326923,710.498404196075,1118.99119489399,1087.16828944996,1620.24934981228,481.41934978873905,55.081342270313385
Southern Sub-Saharan Africa,YLLs (Years of Life Lost),Diabetes mellitus type 2,Female,Rate,896.521807346474,1254.39229506338,626.505948645862,867.18944681984,1246.49058536967,1658.03921125691,357.87048771690604,39.917655631393004
Southern Sub-Saharan Africa,YLLs (Years of Life Lost),Diabetes mellitus type 2,Male,Rate,842.287943037943,1493.18523555764,609.640907374851,1164.21523167924,1162.02755408963,1896.63975971055,650.897292519697,77.277289542108
Southern Sub-Saharan Africa,YLDs (Years Lived with Disability),Diabetes mellitus,Both,Rate,491.51285402286,626.53405481556,342.41925026098,439.33392395097,671.55417307592,851.89980380777,135.02120079270003,27.470533005922213
Southern Sub-Saharan Africa,YLDs (Years Lived with Disability),Diabetes mellitus,Female,Rate,455.46796914748,560.17613699569,317.25385736429,391.90531211124,621.44556079794,759.28709141106,104.70816784820994,22.989139729012553
Southern Sub-Saharan Africa,YLDs (Years Lived with Disability),Diabetes mellitus,Male,Rate,537.36756699578,712.58634190424,374.9868219693,501.41950670287,734.57224983605,965.23120300973,175.2187749084601,32.60687575322836
Southern Sub-Saharan Africa,YLDs (Years Lived with Disability),Diabetes mellitus type 1,Both,Rate,1.20320272464,1.36433351549,0.72682786851,0.88293073675,1.92169667089,1.93040797128,0.16113079084999993,13.391823967005267
Southern Sub-Saharan Africa,YLDs (Years Lived with Disability),Diabetes mellitus type 1,Female,Rate,1.19673653021,1.36110836408,0.71529108653,0.87673625133,1.90383556502,1.87564066675,0.16437183386999998,13.735005970040582
Southern Sub-Saharan Africa,YLDs (Years Lived with Disability),Diabetes mellitus type 1,Male,Rate,1.21181433138,1.37009327875,0.7122293394,0.89307399115,1.94212089343,1.94918992206,0.15827894736999992,13.061319978758924
Southern Sub-Saharan Africa,YLDs (Years Lived with Disability),Diabetes mellitus type 2,Both,Rate,490.30965129822,625.16972130007,341.58112876377,438.43826302072,669.91698335258,850.21185370038,134.86007000185003,27.505081665183127
Southern Sub-Saharan Africa,YLDs (Years Lived with Disability),Diabetes mellitus type 2,Female,Rate,454.27123261727,558.8150286316,316.41945219086,391.03628983313,619.82855120328,757.43174703012,104.54379601432993,23.013518908517284
Southern Sub-Saharan Africa,YLDs (Years Lived with Disability),Diabetes mellitus type 2,Male,Rate,536.1557526644,711.21624862549,374.20600443824,500.51435698146,732.80458595223,963.31918512129,175.06049596109006,32.65105243973145
Sub-Saharan Africa,Prevalence,Diabetes mellitus,Both,Rate,3543.53947846484,4521.41015329809,3211.64402792723,4145.09379278989,3861.76980400278,4912.21769986175,977.8706748332502,27.59587358278539
Sub-Saharan Africa,Prevalence,Diabetes mellitus,Female,Rate,3313.33689146481,4194.5446490523,2991.73021058011,3820.3956601592,3607.3944724413,4539.92646646642,881.20775758749,26.59577901231507
Sub-Saharan Africa,Prevalence,Diabetes mellitus,Male,Rate,3802.41572913117,4896.91036726154,3456.22310328715,4474.74671057457,4154.52448989225,5284.63044825031,1094.4946381303703,28.784191842706687
Sub-Saharan Africa,Prevalence,Diabetes mellitus type 1,Both,Rate,16.85367360064,20.88851040712,11.75199098246,17.17355307944,22.25337296497,26.44209568184,4.034836806479998,23.940399595295236
Sub-Saharan Africa,Prevalence,Diabetes mellitus type 1,Female,Rate,16.95058052553,20.87196860847,11.78421288327,17.14599100038,22.445186382,26.49579724662,3.9213880829399983,23.13424060629561
Sub-Saharan Africa,Prevalence,Diabetes mellitus type 1,Male,Rate,16.761534032,20.90959674807,11.72052476371,17.20641410041,22.06835600992,26.39110785804,4.148062716070001,24.747512418319207
Sub-Saharan Africa,Prevalence,Diabetes mellitus type 2,Both,Rate,3526.68580486419,4500.52164289096,3193.64612139515,4124.04628884186,3842.51515989493,4890.66979351175,973.83583802677,27.613342722042454
Sub-Saharan Africa,Prevalence,Diabetes mellitus type 2,Female,Rate,3296.38631093927,4173.67268044383,2971.9375076171,3799.40010807906,3587.577356672,4519.23122180071,877.2863695045603,26.613578833076357
Sub-Saharan Africa,Prevalence,Diabetes mellitus type 2,Male,Rate,3785.65419509917,4876.00077051347,3440.81473205375,4454.51773820239,4137.80319883886,5264.96943825255,1090.3465754143003,28.802064827417162
Sub-Saharan Africa,Incidence,Diabetes mellitus,Both,Rate,189.86285444473,226.24138414478,174.03832574186,209.45662063888,206.3116364363,244.47847336908,36.378529700049995,19.16042493221861
Sub-Saharan Africa,Incidence,Diabetes mellitus,Female,Rate,170.86852457705,204.76570917122,156.03432490833,189.09423754423,185.46085662365,220.86568084724,33.89718459417,19.838167783139426
Sub-Saharan Africa,Incidence,Diabetes mellitus,Male,Rate,209.53534850158,250.19195515007,192.47089185046,231.93979045488,227.85082243481,269.53951341364,40.65660664849,19.403220954951863
Sub-Saharan Africa,Incidence,Diabetes mellitus type 1,Both,Rate,0.63147199439,0.89914699701,0.51488246072,0.55831520394,0.79450783994,1.92804376378,0.26767500262,42.38905367110908
Sub-Saharan Africa,Incidence,Diabetes mellitus type 1,Female,Rate,0.63340674579,0.89420523508,0.51633292193,0.5545791923,0.79789459194,1.9257979027,0.26079848929000005,41.173936182938185
Sub-Saharan Africa,Incidence,Diabetes mellitus type 1,Male,Rate,0.6296680241,0.90462855509,0.513762551,0.56223783496,0.79127910783,1.92903414509,0.27496053098999995,43.667539158115545
Sub-Saharan Africa,Incidence,Diabetes mellitus type 2,Both,Rate,189.23138245034,225.34223714777,173.46907708133,208.68464167087,205.76429749943,243.4678736394,36.11085469743,19.08291015466559
Sub-Saharan Africa,Incidence,Diabetes mellitus type 2,Female,Rate,170.23511783127,203.87150393613,155.33660003405,188.24893738573,184.8384015786,220.10003868516,33.63638610486001,19.758782167495536
Sub-Saharan Africa,Incidence,Diabetes mellitus type 2,Male,Rate,208.90568047748,249.28732659498,191.89083270847,230.94038026107,227.30825354161,268.46866046838,40.3816461175,19.330085244787366
Sub-Saharan Africa,Deaths,Diabetes mellitus,Both,Rate,33.1995932912953,38.2650731329649,24.7480931757921,29.0894572911631,43.0283135359967,49.7419998310007,5.0654798416696,15.257656312909518
Sub-Saharan Africa,Deaths,Diabetes mellitus,Female,Rate,29.8211735429398,31.4012910679641,20.5415681026851,21.4114796560047,41.2297666186158,45.2065834316582,1.5801175250242991,5.29864300192302
Sub-Saharan Africa,Deaths,Diabetes mellitus,Male,Rate,37.0245464345235,46.5278880664557,23.6520942809415,31.2961247496002,55.6225419993418,64.1355793230714,9.503341631932201,25.667678735075118
Sub-Saharan Africa,Deaths,Diabetes mellitus type 1,Both,Rate,0.83953165904207006,0.487490908050438,0.536558910970899,0.319811647835064,1.16543746631176,0.713041447937763,-0.35204075099163207,-41.93299290146136
Sub-Saharan Africa,Deaths,Diabetes mellitus type 1,Female,Rate,0.63668573761949,0.34952044607054,0.371459426062372,0.207261490098667,1.0030752143314,0.549916755045913,-0.28716529154895,-45.10314501823692
Sub-Saharan Africa,Deaths,Diabetes mellitus type 1,Male,Rate,1.04694046686862,0.629745714540773,0.638152161413503,0.370348816130554,1.60678525865376,0.992158885449919,-0.417194752327847,-39.84894705385388
Sub-Saharan Africa,Deaths,Diabetes mellitus type 2,Both,Rate,32.3600616322532,37.7775822249144,23.9645975449161,28.7609522653889,42.1166733864466,49.2316310652387,5.417520592661198,16.741379093238717
Sub-Saharan Africa,Deaths,Diabetes mellitus type 2,Female,Rate,29.1844878053204,31.0517706218936,20.1124136205199,21.1989621243383,40.5010126993162,44.7022927705807,1.8672828165731978,6.398203144866521
Sub-Saharan Africa,Deaths,Diabetes mellitus type 2,Male,Rate,35.9776059676549,45.898142351915,22.7742878481251,30.8956901956665,54.2277527361233,63.3290873985669,9.920536384260096,27.574198219800937
Sub-Saharan Africa,DALYs (Disability-Adjusted Life Years),Diabetes mellitus,Both,Rate,1115.4022666798,1275.76401690237,891.75219932887,1027.34399767215,1378.68765608035,1533.3975850772,160.36175022256998,14.377032843936766
Sub-Saharan Africa,DALYs (Disability-Adjusted Life Years),Diabetes mellitus,Female,Rate,991.861721873767,1066.50355725851,741.208711934268,803.926826539912,1283.1445396771,1381.58942089684,74.64183538474299,7.525427560984399
Sub-Saharan Africa,DALYs (Disability-Adjusted Life Years),Diabetes mellitus,Male,Rate,1246.38350236976,1514.90443309699,902.932681686844,1152.02194389751,1701.25591841769,1958.59132067085,268.52093072723005,21.544005534146503
Sub-Saharan Africa,DALYs (Disability-Adjusted Life Years),Diabetes mellitus type 1,Both,Rate,59.2809397880674,34.0742213453133,37.5026142785051,21.5611767795781,81.8726865583105,48.2433310284771,-25.206718442754102,-42.52078076506463
Sub-Saharan Africa,DALYs (Disability-Adjusted Life Years),Diabetes mellitus type 1,Female,Rate,44.0973361186427,24.4440036854835,25.5193150333285,14.719386959202,69.3178883265559,37.5419254998296,-19.6533324331592,-44.568071822484775
Sub-Saharan Africa,DALYs (Disability-Adjusted Life Years),Diabetes mellitus type 1,Male,Rate,74.7206927371297,43.8928034089547,46.198710488959,26.7988852929633,116.283825253279,66.8418578797853,-30.827889328174997,-41.25749936049002
Sub-Saharan Africa,DALYs (Disability-Adjusted Life Years),Diabetes mellitus type 2,Both,Rate,1056.12132689173,1241.68979555706,835.28566862932,994.4004697921,1311.3221518458,1499.89239338374,185.5684686653301,17.570752899335584
Sub-Saharan Africa,DALYs (Disability-Adjusted Life Years),Diabetes mellitus type 2,Female,Rate,947.764385755123,1042.05955357303,708.400477057357,781.501920798998,1230.76344231834,1352.20848126045,94.29516781790687,9.949220421780037
Sub-Saharan Africa,DALYs (Disability-Adjusted Life Years),Diabetes mellitus type 2,Male,Rate,1171.66280963263,1471.01162968804,844.464922304503,1122.85682904181,1602.03386780979,1911.23017109466,299.3488200554102,25.549058790153943
Sub-Saharan Africa,YLLs (Years of Life Lost),Diabetes mellitus,Both,Rate,787.163620446747,858.681757444854,585.778996363761,660.27395500955,1021.36012513975,1103.6156188075,71.51813699810702,9.085549070156173
Sub-Saharan Africa,YLLs (Years of Life Lost),Diabetes mellitus,Female,Rate,687.993128483187,683.621931789528,482.412045178477,475.118038458598,942.552928521635,973.57452192655,-4.371196693658931,-0.6353547023494333
Sub-Saharan Africa,YLLs (Years of Life Lost),Diabetes mellitus,Male,Rate,890.953563774093,1058.40186123044,577.682390768626,723.759595626809,1297.27319412148,1452.36336718748,167.44829745634706,18.79427887880414
Sub-Saharan Africa,YLLs (Years of Life Lost),Diabetes mellitus type 1,Both,Rate,57.8852175361474,32.4123108624632,35.9651124267161,20.028968934647,80.4221961636431,46.8523098753915,-25.4729066736842,-44.00589262323703
Sub-Saharan Africa,YLLs (Years of Life Lost),Diabetes mellitus type 1,Female,Rate,42.6958308840128,22.7868057904992,23.9352255832571,13.2213962019137,67.6406858148334,36.1193831948903,-19.9090250935136,-46.62990432859433
Sub-Saharan Africa,YLLs (Years of Life Lost),Diabetes mellitus type 1,Male,Rate,73.3311932776066,42.2256603002601,44.7188532437866,25.3858375752647,114.548824352666,64.3744396095015,-31.1055329773465,-42.41787374111271
Sub-Saharan Africa,YLLs (Years of Life Lost),Diabetes mellitus type 2,Both,Rate,729.278402910599,826.26944658239,543.267758169091,634.925921124822,963.465877189384,1062.79869049054,96.99104367179098,13.299590840026699
Sub-Saharan Africa,YLLs (Years of Life Lost),Diabetes mellitus type 2,Female,Rate,645.297297599174,660.835125999029,448.048800971223,457.798884324777,894.586434072656,943.906766270578,15.537828399854902,2.407855798817593
Sub-Saharan Africa,YLLs (Years of Life Lost),Diabetes mellitus type 2,Male,Rate,817.622370496487,1016.17620093018,518.04906335888,686.116560078081,1205.0234573099,1400.56448572794,198.55383043369307,24.284295244163225
Sub-Saharan Africa,YLDs (Years Lived with Disability),Diabetes mellitus,Both,Rate,328.23865476725,417.08227030165,228.71101863408,290.11286591207,443.63316581572,561.75948681553,88.84361553439999,27.066774203482492
Sub-Saharan Africa,YLDs (Years Lived with Disability),Diabetes mellitus,Female,Rate,303.86860129116,382.8816354239,211.90959593807,266.46878422472,410.34624343493,512.96800305664,79.01303413273996,26.002368720232294
Sub-Saharan Africa,YLDs (Years Lived with Disability),Diabetes mellitus,Male,Rate,355.42994783684,456.50258373561,246.79179925094,316.14676046678,481.60965784748,617.86833954717,101.07263589877005,28.436724736872044
Sub-Saharan Africa,YLDs (Years Lived with Disability),Diabetes mellitus type 1,Both,Rate,1.39572228821,1.66191052606,0.84565372462,1.06630423393,2.30576104544,2.34367463416,0.26618823785,19.071719359829366
Sub-Saharan Africa,YLDs (Years Lived with Disability),Diabetes mellitus type 1,Female,Rate,1.40150527107,1.65719793807,0.84530092595,1.05472358879,2.32862615348,2.37395399228,0.25569266699999993,18.244145939229163
Sub-Saharan Africa,YLDs (Years Lived with Disability),Diabetes mellitus type 1,Male,Rate,1.38949949565,1.66714315204,0.84248471829,1.07874016794,2.28118400279,2.33756012359,0.27764365639,19.98155863022606
Sub-Saharan Africa,YLDs (Years Lived with Disability),Diabetes mellitus type 2,Both,Rate,326.84293247904,415.42035977559,227.89965631058,289.0117951998,441.33544117263,559.44371529602,88.57742729655001,27.10091560637626
Sub-Saharan Africa,YLDs (Years Lived with Disability),Diabetes mellitus type 2,Female,Rate,302.46709602009,381.22443748583,210.95827738325,265.30682842177,408.04993024713,510.69670029589,78.75734146573996,26.03831706061306
Sub-Saharan Africa,YLDs (Years Lived with Disability),Diabetes mellitus type 2,Male,Rate,354.04044834119,454.83544058357,245.91503681307,314.99705855388,479.29352460512,615.52812357978,100.79499224238003,28.469908654404243
Western Sub-Saharan Africa,Prevalence,Diabetes mellitus,Both,Rate,3364.68752228746,4603.97776376559,3057.81783294851,4195.21689635225,3670.63876923441,4991.22590327062,1239.2902414781297,36.832253612531794
Western Sub-Saharan Africa,Prevalence,Diabetes mellitus,Female,Rate,3159.64628033131,4301.48283433841,2859.14271232626,3924.10671805241,3449.98672589709,4669.05062848171,1141.8365540070995,36.13811334246473
Western Sub-Saharan Africa,Prevalence,Diabetes mellitus,Male,Rate,3604.70328069552,4941.32751813821,3268.07529296522,4495.05221423479,3945.14067967964,5369.5774450763,1336.6242374426897,37.08000723945275
Western Sub-Saharan Africa,Prevalence,Diabetes mellitus type 1,Both,Rate,11.69000135032,13.25606881118,8.12425931492,11.05126116705,15.54003342134,16.17261640923,1.5660674608600011,13.396640547155547
Western Sub-Saharan Africa,Prevalence,Diabetes mellitus type 1,Female,Rate,11.4464045645,12.95000428547,7.91239105478,10.78410048746,15.2513515189,15.83935816177,1.5035997209699996,13.136000151814308
Western Sub-Saharan Africa,Prevalence,Diabetes mellitus type 1,Male,Rate,11.92688579808,13.59237317649,8.3292767675,11.34414510711,15.83276799211,16.53802551443,1.665487378409999,13.964142917157062
Western Sub-Saharan Africa,Prevalence,Diabetes mellitus type 2,Both,Rate,3352.99752093714,4590.7216949544,3043.21305335933,4181.87718064206,3657.69289088015,4977.34492666069,1237.7241740172599,36.91396030830718
Western Sub-Saharan Africa,Prevalence,Diabetes mellitus type 2,Female,Rate,3148.19987576681,4288.53283005295,2848.62081390974,3911.03880687954,3439.27507481056,4656.6362797365,1140.3329542861402,36.221745736788336
Western Sub-Saharan Africa,Prevalence,Diabetes mellitus type 2,Male,Rate,3592.77639489743,4927.73514496171,3256.98273905846,4480.99853192353,3931.41039281653,5356.70056001888,1334.9587500642801,37.15674462680809
Western Sub-Saharan Africa,Incidence,Diabetes mellitus,Both,Rate,172.69466170029,218.01681426909,157.65039527437,200.76777079657,187.76089795719,235.29549353927,45.32215256879999,26.244095864095772
Western Sub-Saharan Africa,Incidence,Diabetes mellitus,Female,Rate,153.92647019054,199.41324207678,139.99582460196,183.10235588452,167.77236474307,215.30208804888,45.48677188624001,29.550974455487466
Western Sub-Saharan Africa,Incidence,Diabetes mellitus,Male,Rate,191.60417027454,238.67347057764,175.25751682211,219.55668319931,207.35588926183,258.39137003804,47.06930030309999,24.56590596940389
Western Sub-Saharan Africa,Incidence,Diabetes mellitus type 1,Both,Rate,0.4315833309,0.51057811464,0.35118927995,0.33511099815,0.54031147254,0.84421827124,0.07899478374000002,18.303483495358506
Western Sub-Saharan Africa,Incidence,Diabetes mellitus type 1,Female,Rate,0.42223486627,0.49720071309,0.34311645041,0.32549344397,0.5292107643,0.82908881228,0.07496584682000001,17.754537298694494
Western Sub-Saharan Africa,Incidence,Diabetes mellitus type 1,Male,Rate,0.44103236285,0.52499067094,0.35949217688,0.34620275372,0.55146473608,0.8577432961,0.08395830808999993,19.036768083741528
Western Sub-Saharan Africa,Incidence,Diabetes mellitus type 2,Both,Rate,172.26307836939,217.50623615444,157.25815912681,200.0270050604,187.37713964119,234.82654312757,45.24315778504999,26.263990062939335
Western Sub-Saharan Africa,Incidence,Diabetes mellitus type 2,Female,Rate,153.50423532428,198.91604136368,139.5519621533,182.53647465994,167.37595388445,214.88674434089,45.411806039400005,29.583422205561227
Western Sub-Saharan Africa,Incidence,Diabetes mellitus type 2,Male,Rate,191.16313791168,238.1484799067,174.82305931385,218.95709697473,206.93804202954,257.90033512639,46.98534199502001,24.578662240168846
Western Sub-Saharan Africa,Deaths,Diabetes mellitus,Both,Rate,28.2269669892121,32.6394335310441,20.3392458358334,23.6370293396609,38.6550734873004,43.4915515672206,4.412466541831996,15.632095873135675
Western Sub-Saharan Africa,Deaths,Diabetes mellitus,Female,Rate,24.9243965049255,25.2055080534137,16.4759357174419,16.3147152901755,35.5002240778273,38.0089855533856,0.2811115484881981,1.1278569911718606
Western Sub-Saharan Africa,Deaths,Diabetes mellitus,Male,Rate,31.7812117118618,41.0509483976969,19.1074453561145,25.8917105890005,48.690038061607,59.8873929660888,9.269736685835099,29.167348211507395
Western Sub-Saharan Africa,Deaths,Diabetes mellitus type 1,Both,Rate,0.661544357151199,0.340803138477692,0.273721456371328,0.159424851661904,1.02815880541585,0.540456201747902,-0.32074121867350697,-48.4837056209974
Western Sub-Saharan Africa,Deaths,Diabetes mellitus type 1,Female,Rate,0.495146139179843,0.257470596319462,0.196160373594843,0.107829715881304,0.892501671461973,0.461572901850811,-0.237675542860381,-48.001089790191095
Western Sub-Saharan Africa,Deaths,Diabetes mellitus type 1,Male,Rate,0.828502815717811,0.424203811090465,0.361171428354475,0.209128869929556,1.41277447664244,0.709754008038195,-0.404299004627346,-48.79874841186427
Western Sub-Saharan Africa,Deaths,Diabetes mellitus type 2,Both,Rate,27.5654226320609,32.2986303925664,19.6992473131861,23.4604163215997,37.7981509582955,43.0097413617811,4.7332077605055005,17.170815131999404
Western Sub-Saharan Africa,Deaths,Diabetes mellitus type 2,Female,Rate,24.4292503657456,24.9480374570942,16.100372605801,16.0613467626405,35.1384901366338,37.6596851983412,0.5187870913485995,2.1236308260855763
Western Sub-Saharan Africa,Deaths,Diabetes mellitus type 2,Male,Rate,30.952708896144,40.6267445866064,18.4519318315149,25.6033849590894,47.954227213153,59.075745240335,9.6740356904624,31.254245704057148
Western Sub-Saharan Africa,DALYs (Disability-Adjusted Life Years),Diabetes mellitus,Both,Rate,952.265727217971,1122.86620900346,759.769012253672,881.353780140928,1196.30487501639,1367.4350606682,170.60048178548902,17.915218085596308
Western Sub-Saharan Africa,DALYs (Disability-Adjusted Life Years),Diabetes mellitus,Female,Rate,835.299750339915,908.906894479522,616.148458222262,670.853558350962,1105.06206303736,1197.37641874109,73.60714413960693,8.812063466995346
Western Sub-Saharan Africa,DALYs (Disability-Adjusted Life Years),Diabetes mellitus,Male,Rate,1069.87414827556,1361.28841351081,776.105720785399,1014.24040651244,1497.26818509312,1808.31730703937,291.41426523525,27.23818177165567
Western Sub-Saharan Africa,DALYs (Disability-Adjusted Life Years),Diabetes mellitus type 1,Both,Rate,52.0491147556907,27.698884298239,21.0094077198393,12.4011945837913,82.6011514920881,43.708792918135,-24.3502304574517,-46.7831788720084
Western Sub-Saharan Africa,DALYs (Disability-Adjusted Life Years),Diabetes mellitus type 1,Female,Rate,38.4430670610448,20.9538886713713,15.0788358785929,8.68958816069131,72.4722646789602,37.8340182251096,-17.4891783896735,-45.49371246030385
Western Sub-Saharan Africa,DALYs (Disability-Adjusted Life Years),Diabetes mellitus type 1,Male,Rate,65.7862295601028,34.4173983974396,28.5329311572186,16.523744978968,113.161462331136,59.2358432712691,-31.3688311626632,-47.68297464745931
Western Sub-Saharan Africa,DALYs (Disability-Adjusted Life Years),Diabetes mellitus type 2,Both,Rate,900.21661246228,1095.16732470523,700.237645170837,854.973404365374,1132.09096434323,1336.45221244172,194.95071224294998,21.65597807728954
Western Sub-Saharan Africa,DALYs (Disability-Adjusted Life Years),Diabetes mellitus type 2,Female,Rate,796.856683278871,887.953005808151,595.561742095967,659.030733324077,1036.82491901949,1168.79058436005,91.09632252928009,11.431958147661003
Western Sub-Saharan Africa,DALYs (Disability-Adjusted Life Years),Diabetes mellitus type 2,Male,Rate,1004.08791871546,1326.87101511337,712.527353608502,985.483912826899,1418.34652518911,1776.89437816115,322.78309639791007,32.1468957430391
Western Sub-Saharan Africa,YLLs (Years of Life Lost),Diabetes mellitus,Both,Rate,654.548664490809,716.312068493124,479.402599245309,520.303484680807,869.543035486507,962.692367052995,61.76340400231504,9.43602933639205
Western Sub-Saharan Africa,YLLs (Years of Life Lost),Diabetes mellitus,Female,Rate,560.972143255587,534.82311434867,386.120738077089,355.198783000973,793.109788967302,801.569205317636,-26.14902890691701,-4.661377435813807
Western Sub-Saharan Africa,YLLs (Years of Life Lost),Diabetes mellitus,Male,Rate,745.92737107108,918.553332854024,465.61339880094,596.003483465154,1128.76183748159,1335.82227507735,172.62596178294405,23.142462453827072
Western Sub-Saharan Africa,YLLs (Years of Life Lost),Diabetes mellitus type 1,Both,Rate,51.1111362543799,26.6470291700867,20.3358291037612,11.3290656928641,81.6529512212338,42.5678037726384,-24.4641070842932,-47.864533792665945
Western Sub-Saharan Africa,YLLs (Years of Life Lost),Diabetes mellitus type 1,Female,Rate,37.529998215026,19.9318024245843,14.0311468315142,7.453485512743,71.7141102422811,37.0293016310929,-17.598195790441697,-46.89101153059968
Western Sub-Saharan Africa,YLLs (Years of Life Lost),Diabetes mellitus type 1,Male,Rate,64.8255976778575,33.3328692462148,27.600882197579,15.7768507470086,112.011850277616,57.6967169638912,-31.492728431642703,-48.58069892103699
Western Sub-Saharan Africa,YLLs (Years of Life Lost),Diabetes mellitus type 2,Both,Rate,603.43752823643,689.665039323037,436.308052535999,502.982487050199,827.84770675046,925.023179375933,86.22751108660702,14.289384907599345
Western Sub-Saharan Africa,YLLs (Years of Life Lost),Diabetes mellitus type 2,Female,Rate,523.442145040561,514.891311924086,352.129141310967,336.311090266979,739.084225301386,771.161488231614,-8.550833116474905,-1.6335775018292198
Western Sub-Saharan Africa,YLLs (Years of Life Lost),Diabetes mellitus type 2,Male,Rate,681.101773393222,885.22046360781,408.423813080595,561.610137880999,1037.32155949847,1270.9119915947,204.118690214588,29.96889718810698
Western Sub-Saharan Africa,YLDs (Years Lived with Disability),Diabetes mellitus,Both,Rate,297.7170704678,406.55415108074,207.73413136193,283.30444356283,409.24774279507,552.85035546628,108.83708061293999,36.55721871840447
Western Sub-Saharan Africa,YLDs (Years Lived with Disability),Diabetes mellitus,Female,Rate,274.32761421684,374.08378985703,189.51077526734,259.06863535523,372.88037107284,505.89201057529,99.75617564019001,36.36388408253299
Western Sub-Saharan Africa,YLDs (Years Lived with Disability),Diabetes mellitus,Male,Rate,323.9467856271,442.7350921679,225.6662917584,306.83449502725,448.79842624273,605.88675830755,118.78830654080002,36.66908017341435
Western Sub-Saharan Africa,YLDs (Years Lived with Disability),Diabetes mellitus type 1,Both,Rate,0.9379785257,1.0518551555,0.55237836172,0.6635651079,1.49955482661,1.49797772593,0.11387662980000002,12.140643594693756
Western Sub-Saharan Africa,YLDs (Years Lived with Disability),Diabetes mellitus type 1,Female,Rate,0.91306886976,1.02208627336,0.53903408855,0.64594658928,1.45896957789,1.45526010643,0.1090174036,11.93966930760164
Western Sub-Saharan Africa,YLDs (Years Lived with Disability),Diabetes mellitus type 1,Male,Rate,0.96063190722,1.08452917942,0.56547534073,0.69180762638,1.54085799403,1.53777121661,0.12389727220000002,12.897476262114793
Western Sub-Saharan Africa,YLDs (Years Lived with Disability),Diabetes mellitus type 2,Both,Rate,296.7790919421,405.50229592524,206.92616956685,282.47111455069,407.63910188892,551.3527901183,108.72320398313997,36.63438797917451
Western Sub-Saharan Africa,YLDs (Years Lived with Disability),Diabetes mellitus type 2,Female,Rate,273.41454534708,373.06170358366,188.82241312296,258.36433542279,371.31602935197,504.43675046886,99.64715823658003,36.445448836705154
Western Sub-Saharan Africa,YLDs (Years Lived with Disability),Diabetes mellitus type 2,Male,Rate,322.98615371987,441.65056298847003,224.9424348205,306.08547154596,447.15064878858,604.32832498433,118.66440926860002,36.739782155342546
