location_name,sex_name,cause_name,measure_name,count_1990_reconstructed,count_2023_reconstructed,observed_change,population_size_effect,age_structure_effect,age_specific_rate_effect,decomposition_error,population_size_pct,age_structure_pct,age_specific_rate_pct
Central Sub-Saharan Africa,Both,Diabetes mellitus,DALYs (Disability-Adjusted Life Years),344341.5301737564,1063183.1423454697,718841.6121717133,615032.3759152051,25954.107307773917,77855.1289487343,0,85.55881650439142,3.6105460324372722,10.830637463171325
Central Sub-Saharan Africa,Both,Diabetes mellitus,Deaths,6571.037473438229,19897.966972544025,13326.929499105796,11631.429224335536,636.479050311876,1059.0212244583856,1.8189894035458565e-12,87.27763754671302,4.7758866763314245,7.94647577695555
Central Sub-Saharan Africa,Both,Diabetes mellitus,Incidence,84673.79022829213,288842.404575924,204168.61434763187,159724.3130785948,8286.926926215083,36157.37434282197,0,78.23157030719567,4.058864264075955,17.70956542872837
Central Sub-Saharan Africa,Both,Diabetes mellitus,Prevalence,1501195.2791075483,5330110.664750272,3828915.385642724,2896403.4819301874,174545.86705130295,757966.0366612336,0,75.64553379243702,4.5586242962118515,19.795841911351115
Central Sub-Saharan Africa,Both,Diabetes mellitus,YLDs (Years Lived with Disability),127191.12295424157,448959.9635664296,321768.84061218804,244596.96442474215,14019.077738102133,63152.79844934376,0,76.01636129818509,4.356878593784856,19.626760108030062
Central Sub-Saharan Africa,Both,Diabetes mellitus,YLLs (Years of Life Lost),217150.40721951303,614223.1787790374,397072.7715595244,370840.1185931889,11528.83292906064,14703.820037274874,-5.820766091346741e-11,93.39348984738858,2.903455929194172,3.7030542234172446
Central Sub-Saharan Africa,Both,Diabetes mellitus type 1,DALYs (Disability-Adjusted Life Years),41302.21480030825,65274.953914187034,23972.739113878786,54256.83187160292,-1402.2662093092197,-28881.826548414905,3.637978807091713e-12,226.3272111453941,-5.849420054370804,-120.47779109102326
Central Sub-Saharan Africa,Both,Diabetes mellitus type 1,Deaths,565.0347280234096,934.3973317500402,369.3626037266306,756.9740651521516,-7.71098331187316,-379.900478113648,-1.1368683772161603e-13,204.94063489773225,-2.087645915984539,-102.85298898174776
Central Sub-Saharan Africa,Both,Diabetes mellitus type 1,Incidence,329.8058682048748,1202.2279402337217,872.422072028847,648.0677899062365,5.296686288930867,219.05759583367947,-1.1368683772161603e-13,74.28374529763248,0.6071242875152442,25.109130414852256
Central Sub-Saharan Africa,Both,Diabetes mellitus type 1,Prevalence,6186.390543207821,21679.726929849206,15493.336386641386,11856.526980391005,680.05175826704,2956.7576479833406,0,76.52662205549156,4.3893177124417955,19.084060232066648
Central Sub-Saharan Africa,Both,Diabetes mellitus type 1,YLDs (Years Lived with Disability),442.7640899770496,1515.4403110494293,1072.6762210723796,837.395088877748,52.36831466628369,182.91281752834809,2.2737367544323206e-13,78.0659692484452,4.882024383269152,17.052006368285657
Central Sub-Saharan Africa,Both,Diabetes mellitus type 1,YLLs (Years of Life Lost),40859.45071033119,63759.5136031381,22900.062892806905,53480.89231823827,-1511.4114676709578,-29069.417957760397,1.0913936421275139e-11,233.54037309232478,-6.600031950766844,-126.9403411415579
Central Sub-Saharan Africa,Both,Diabetes mellitus type 2,DALYs (Disability-Adjusted Life Years),303039.3153734482,997908.1884312823,694868.8730578341,560775.5440436021,27356.37351708308,106736.95549714891,0,80.70235490271105,3.93691163581682,15.360733461472114
Central Sub-Saharan Africa,Both,Diabetes mellitus type 2,Deaths,6006.002745414819,18963.56964079396,12957.566895379143,11531.934950929603,-25.0355416432047,1450.6674860927444,0,88.99768794589097,-0.19321174912963587,11.19552380323866
Central Sub-Saharan Africa,Both,Diabetes mellitus type 2,Incidence,84343.98436008747,287640.17663569155,203296.19227560406,159076.24528868916,8281.63023992622,35938.31674698871,2.9103830456733704e-11,78.24851194115485,4.073677006551604,17.677811052293563
Central Sub-Saharan Africa,Both,Diabetes mellitus type 2,Prevalence,1495008.8885643384,5308430.937820427,3813422.0492560887,2884546.9549497957,173865.81529303532,755009.2790132575,0,75.6419540688528,4.559312162338616,19.79873376880858
Central Sub-Saharan Africa,Both,Diabetes mellitus type 2,YLDs (Years Lived with Disability),126748.35886426456,447444.52325537946,320696.1643911149,243759.56933586425,13966.709423435852,62969.885631814774,-5.820766091346741e-11,76.00950569479832,4.35512206700493,19.635372238196748
Central Sub-Saharan Africa,Both,Diabetes mellitus type 2,YLLs (Years of Life Lost),176290.95650918203,550463.6651758999,374172.70866671787,336615.01668759465,-6579.859381826837,44137.55136094998,-5.820766091346741e-11,89.96247157817795,-1.7585086323566246,11.796037054178655
Central Sub-Saharan Africa,Female,Diabetes mellitus,DALYs (Disability-Adjusted Life Years),135845.35435967328,413843.51842954295,277998.1640698697,239220.8042611562,14240.18015555659,24537.17965315684,0,86.05121730265546,5.12240079109932,8.826381906245206
Central Sub-Saharan Africa,Female,Diabetes mellitus,Deaths,2464.5836927230375,7387.056021975034,4922.472329251997,4303.918243900886,536.7524691722139,81.80161617889719,9.094947017729282e-13,87.43407694391034,10.904123644993188,1.6617994110964867
Central Sub-Saharan Africa,Female,Diabetes mellitus,Incidence,37934.91099996748,126613.29385111146,88678.38285114398,70244.61984176397,2950.500482170754,15483.262527209265,1.4551915228366852e-11,79.21278848722012,3.327192476122936,17.46001903665694
Central Sub-Saharan Africa,Female,Diabetes mellitus,Prevalence,692998.5144538959,2420484.9118806673,1727486.3974267715,1315900.1431366268,79775.8816354376,331810.3726547071,0,76.17426945281682,4.61803240559637,19.20769814158682
Central Sub-Saharan Africa,Female,Diabetes mellitus,YLDs (Years Lived with Disability),58593.218881725035,204232.87570602653,145639.6568243015,111131.47146553833,6663.54665683841,27844.638701924752,0,76.30577679787206,4.5753655303357785,19.118857671792167
Central Sub-Saharan Africa,Female,Diabetes mellitus,YLLs (Years of Life Lost),77252.13547794767,209610.64272351237,132358.50724556472,128224.04561115417,7442.616209044645,-3308.154574634129,-2.9103830456733704e-11,96.87631590862544,5.623073547691468,-2.4993894563169334
Central Sub-Saharan Africa,Female,Diabetes mellitus type 1,DALYs (Disability-Adjusted Life Years),12035.63023109401,18973.464883503086,6937.834652409076,15678.748978909132,-154.6444859915065,-8586.269840508552,-1.8189894035458565e-12,225.98908397831138,-2.2290021849657107,-123.76008179334568
Central Sub-Saharan Africa,Female,Diabetes mellitus type 1,Deaths,167.33298119553902,274.89722236262975,107.56424116709073,221.9951934509452,1.256459532004257,-115.68741181585877,-4.263256414560601e-14,206.38382332479526,1.1681015162394608,-107.55192484103473
Central Sub-Saharan Africa,Female,Diabetes mellitus type 1,Incidence,166.06571829539084,596.4574621551313,430.3917438597405,321.30961223251535,2.808150571043621,106.27398105618154,0,74.65515238536413,0.6524638567320575,24.692383757903816
Central Sub-Saharan Africa,Female,Diabetes mellitus type 1,Prevalence,3168.6576979775296,10927.695656587419,7759.03795860989,5976.344512246447,308.22828343856213,1474.46516292488,0,77.02429791073183,3.9725064509645,19.003195638303662
Central Sub-Saharan Africa,Female,Diabetes mellitus type 1,YLDs (Years Lived with Disability),227.33957988320492,772.687181517076,545.3476016338711,425.2696619145991,23.389636013244502,96.6883037060275,0,77.98139400273948,4.288940841248542,17.729665156011983
Central Sub-Saharan Africa,Female,Diabetes mellitus type 1,YLLs (Years of Life Lost),11808.290651210966,18200.77770198536,6392.487050774394,15270.354610162749,-193.59475007575384,-8684.2728093126,0,238.87971127470456,-3.0284730893948626,-135.85123818530968
Central Sub-Saharan Africa,Female,Diabetes mellitus type 2,DALYs (Disability-Adjusted Life Years),123809.72412857918,394870.05354603956,271060.32941746037,223542.055282247,14394.824641547888,33123.44949366552,5.820766091346741e-11,82.4694841043927,5.31056118484177,12.219954710765533
Central Sub-Saharan Africa,Female,Diabetes mellitus type 2,Deaths,2297.250711527499,7112.158799612399,4814.9080880849,4308.157248794582,308.26946776244495,198.48137152787285,0,89.4753787607216,6.402395686956036,4.122225552322383
Central Sub-Saharan Africa,Female,Diabetes mellitus type 2,Incidence,37768.845281672104,126016.83638895626,88247.99110728415,69923.31022953143,2947.692331599688,15376.988546153036,0,79.23501640340437,3.340237318282002,17.424746278313627
Central Sub-Saharan Africa,Female,Diabetes mellitus type 2,Prevalence,689829.856755918,2409557.216224075,1719727.359468157,1309923.7986243784,79467.65335199893,330335.9074917796,0,76.1704343082316,4.6209448791100884,19.20862081265831
Central Sub-Saharan Africa,Female,Diabetes mellitus type 2,YLDs (Years Lived with Disability),58365.87930184158,203460.18852451,145094.30922266844,110706.20180362371,6640.157020825194,27747.950398219535,0,76.29947886772655,4.576442078534522,19.124079053738935
Central Sub-Saharan Africa,Female,Diabetes mellitus type 2,YLLs (Years of Life Lost),65443.84482673679,191409.86502152722,125966.02019479043,119300.2616771339,1254.4047947944466,5411.3537228621035,1.4551915228366852e-11,94.70828838813135,0.9958279168101597,4.295883695058503
Central Sub-Saharan Africa,Male,Diabetes mellitus,DALYs (Disability-Adjusted Life Years),208496.17581408448,649339.6239159242,440843.44810183975,376838.0918863425,10444.609667682385,53560.74654781486,0,85.48115969714688,2.369233276042602,12.149607026810509
Central Sub-Saharan Africa,Male,Diabetes mellitus,Deaths,4106.453780715211,12510.910950568961,8404.457169853751,7355.162480582022,-65.706354206995,1115.001043478723,0,87.51502127900083,-0.78180366535365875,13.266782386352807
Central Sub-Saharan Africa,Male,Diabetes mellitus,Incidence,46738.879228323756,162229.11072481112,115490.23149648737,89595.87186994239,5444.665002006917,20449.694624538053,0,77.57874472064545,4.714394396354221,17.706860883000335
Central Sub-Saharan Africa,Male,Diabetes mellitus,Prevalence,808196.7646536523,2909625.7528696116,2101428.988215959,1582037.7707505748,93174.2650737769,426216.9523916075,0,75.28390345912523,4.433852659131663,20.28224388174311
Central Sub-Saharan Africa,Male,Diabetes mellitus,YLDs (Years Lived with Disability),68597.90407251674,244727.0878603995,176129.18378788276,133592.6045924768,7140.683563366455,35395.8956320395,-2.9103830456733704e-11,75.84921574005934,4.0542307695958995,20.096553490344764
Central Sub-Saharan Africa,Male,Diabetes mellitus,YLLs (Years of Life Lost),139898.27174156692,404612.53605552233,264714.26431395544,243521.51258686613,3025.4476442732557,18167.304082816045,0,91.99410285576664,1.1429106973566885,6.862986446876669
Central Sub-Saharan Africa,Male,Diabetes mellitus type 1,DALYs (Disability-Adjusted Life Years),29266.58456921574,46301.489030681485,17034.904461465743,38761.68835648588,-1312.6536964874074,-20414.130198532734,-7.275957614183426e-12,227.54273993240045,-7.7056710206783405,-119.83706891172216
Central Sub-Saharan Africa,Male,Diabetes mellitus type 1,Deaths,397.7017468278875,659.5001093873833,261.7983625594958,537.4955420356363,-9.583549187006824,-266.1136302891337,-5.684341886080802e-14,205.30897778762312,-3.660660476754848,-101.64831731086831
Central Sub-Saharan Africa,Male,Diabetes mellitus type 1,Incidence,163.7401499085878,605.7704780766164,442.03032816802863,326.78200539475216,2.4599197958938626,112.78840297738259,0,73.92750781356631,0.5565047552481004,25.51598743118559
Central Sub-Saharan Africa,Male,Diabetes mellitus type 1,Prevalence,3017.7328452306056,10752.031273260669,7734.298428030063,5879.073222732662,372.8870037242114,1482.3382015731897,-9.094947017729282e-13,76.01301239458469,4.821213031718847,19.165774573696446
Central Sub-Saharan Africa,Male,Diabetes mellitus type 1,YLDs (Years Lived with Disability),215.42451009400406,742.7531295310624,527.3286194370584,412.0313987970858,29.226884069024475,86.07033657094813,0,78.13560341878346,5.54244222515842,16.321954356058125
Central Sub-Saharan Africa,Male,Diabetes mellitus type 1,YLLs (Years of Life Lost),29051.160059121703,45558.73590115026,16507.57584202856,38395.48861423078,-1384.2244456349697,-20503.688326567248,0,232.59313773058813,-8.385388980680686,-124.20774874990742
Central Sub-Saharan Africa,Male,Diabetes mellitus type 2,DALYs (Disability-Adjusted Life Years),179229.59124486858,603038.1348852428,423808.5436403742,338076.4035298566,11757.263364169849,73974.87674634776,0,79.77102127906457,2.7741921536500596,17.45478656728536
Central Sub-Saharan Africa,Male,Diabetes mellitus type 2,Deaths,3708.7520338873237,11851.410841181585,8142.658807294261,7266.8753919197625,-518.7948394322156,1394.5782548067145,0,89.24450310272161,-6.371319881013249,17.12681677829163
Central Sub-Saharan Africa,Male,Diabetes mellitus type 2,Incidence,46575.13907841517,161623.3402467345,115048.20116831933,89269.08986454766,5442.205082211019,20336.906221560657,0,77.59277325331148,4.730369555495172,17.67685719119336
Central Sub-Saharan Africa,Male,Diabetes mellitus type 2,Prevalence,805179.0318084201,2898873.721596347,2093694.689787927,1576158.6975278398,92801.37807005219,424734.6141900351,0,75.28121006446699,4.4324217147177345,20.28636822081528
Central Sub-Saharan Africa,Male,Diabetes mellitus type 2,YLDs (Years Lived with Disability),68382.4795624227,243984.33473086872,175601.85516844603,133180.57319367974,7111.4566792975065,35309.825295468785,0,75.84234976670737,4.049761702389672,20.107888530902958
Central Sub-Saharan Africa,Male,Diabetes mellitus type 2,YLLs (Years of Life Lost),110847.1116824452,359053.80015437194,248206.68847192673,218568.1466592975,-9398.370503865204,39036.912316494476,2.9103830456733704e-11,88.05892701961515,-3.7865097680186817,15.727582748403545
Eastern Sub-Saharan Africa,Both,Diabetes mellitus,DALYs (Disability-Adjusted Life Years),1128874.963273212,2619639.418651654,1490764.4553784418,1532969.1881123555,118802.38441672803,-161007.11715064172,0,102.831079892041,7.969225720945242,-10.800305612986248
Eastern Sub-Saharan Africa,Both,Diabetes mellitus,Deaths,27726.366126006094,66762.95381143321,39036.58768542712,38418.79964369676,3799.426857593345,-3181.638815862982,0,98.41741279563483,9.732989184942827,-8.150401980577648
Eastern Sub-Saharan Africa,Both,Diabetes mellitus,Incidence,165396.6666001347,475929.508966382,310532.8423662473,251262.42737677638,24081.38041887933,35189.03457059164,0,80.91331836663947,7.754857822889268,11.331823810471274
Eastern Sub-Saharan Africa,Both,Diabetes mellitus,Prevalence,2634294.5986280553,7960762.223534449,5326467.624906394,4109043.829511346,453871.41446216934,763552.3809328784,0,77.1438806892881,8.521058352816809,14.335060957895092
Eastern Sub-Saharan Africa,Both,Diabetes mellitus,YLDs (Years Lived with Disability),239768.3828912542,720672.3862560033,480904.0033647491,372905.4791393467,38856.02935842873,69142.49486697366,0,77.54260237599037,8.079789123518227,14.37760850049141
Eastern Sub-Saharan Africa,Both,Diabetes mellitus,YLLs (Years of Life Lost),889106.5803819541,1898967.0323956339,1009860.4520136798,1161595.2659787405,78451.07242743543,-230185.8863924963,-2.3283064365386963e-10,115.02532490132658,7.768506259553247,-22.793831160879854
Eastern Sub-Saharan Africa,Both,Diabetes mellitus type 1,DALYs (Disability-Adjusted Life Years),186837.39542431882,207201.81071715656,20364.415292837744,186069.71770250224,-15865.496384956983,-149839.80602470748,2.9103830456733704e-11,913.7002709227983,-77.90793969192403,-735.7923312308741
Eastern Sub-Saharan Africa,Both,Diabetes mellitus type 1,Deaths,2485.6592352576913,2887.9256212979108,402.26638604021946,2525.8725294075425,-128.59373612044394,-1995.0124072468789,4.547473508864641e-13,627.91041386068,-31.967308376491307,-495.94310548418855
Eastern Sub-Saharan Africa,Both,Diabetes mellitus type 1,Incidence,1831.942707768739,7866.650272350685,6034.707564581946,3561.709451975455,-84.63541041377259,2557.633523020264,0,59.020415055061456,-1.402477411009985,42.38206235594854
Eastern Sub-Saharan Africa,Both,Diabetes mellitus type 1,Prevalence,34102.06847318502,126572.49298930004,92470.42451611502,59999.93539342346,5482.154403490805,26988.33471920074,-1.4551915228366852e-11,64.88554119589571,5.928548973553612,29.18590983055066
Eastern Sub-Saharan Africa,Both,Diabetes mellitus type 1,YLDs (Years Lived with Disability),2555.4041526960073,8915.393936252796,6359.989783556789,4330.880964085987,452.80451019858737,1576.3043092722146,0,68.09572202903706,7.119579207018144,24.784698763944792
Eastern Sub-Saharan Africa,Both,Diabetes mellitus type 1,YLLs (Years of Life Lost),184281.9912716244,198286.41678089945,14004.425509275054,181993.88889136302,-16547.65768462519,-151441.80569746275,2.9103830456733704e-11,1299.5455527313811,-118.16020352756182,-1081.385349203819
Eastern Sub-Saharan Africa,Both,Diabetes mellitus type 2,DALYs (Disability-Adjusted Life Years),942037.567848893,2412437.6079344964,1470400.0400856035,1346899.4704098527,134667.88080168466,-11167.311125933853,0,91.60088640445352,9.158587944124687,-0.7594743485782085
Eastern Sub-Saharan Africa,Both,Diabetes mellitus type 2,Deaths,25240.706890748428,63875.02819013528,38634.32129938685,40461.849716953395,-618.619925739049,-1208.9084918275003,0,104.73032359855522,-1.6012185666346024,-3.129105031920637
Eastern Sub-Saharan Africa,Both,Diabetes mellitus type 2,Incidence,163564.7238923658,468062.8586940249,304498.13480165915,247700.71792479907,24166.015829292824,32631.40104756724,0,81.34720368193513,7.936342810452299,10.716453507612565
Eastern Sub-Saharan Africa,Both,Diabetes mellitus type 2,Prevalence,2600192.5301548685,7834189.73054515,5233997.200390281,4049043.8941179216,448389.2600586784,736564.0462136822,9.313225746154785e-10,77.36045204258035,8.566860907477054,14.072687049942616
Eastern Sub-Saharan Africa,Both,Diabetes mellitus type 2,YLDs (Years Lived with Disability),237212.97873855743,711756.9923197496,474544.0135811921,368574.59817526,38403.22484823023,67566.19055770194,5.820766091346741e-11,77.66921247067818,8.092658162183229,14.238129367138606
Eastern Sub-Saharan Africa,Both,Diabetes mellitus type 2,YLLs (Years of Life Lost),704824.5891103299,1700680.615614733,995856.0265044031,1104935.2665271936,-29177.289768834657,-79901.9502539559,0,110.95331424620427,-2.9298702816762687,-8.023443964528001
Eastern Sub-Saharan Africa,Female,Diabetes mellitus,DALYs (Disability-Adjusted Life Years),487254.1362483408,1117980.8119922678,630726.675743927,659451.485982166,72371.71698856924,-101096.5272268082,0,104.55424058358699,11.474339007971802,-16.028579591558778
Eastern Sub-Saharan Africa,Female,Diabetes mellitus,Deaths,12167.43995990073,28053.25684255751,15885.816882656778,16544.590042522,2357.1506144158857,-3015.923774281108,-1.8189894035458565e-12,104.14692656179633,14.838082497282763,-18.98500905907911
Eastern Sub-Saharan Africa,Female,Diabetes mellitus,Incidence,75037.4466861887,223906.6552341075,148869.20854791877,116413.82331925268,13978.615324488579,18476.769904177527,2.9103830456733704e-11,78.19872521306567,9.389863398104298,12.411411388830036
Eastern Sub-Saharan Africa,Female,Diabetes mellitus,Prevalence,1266557.3059917619,3942058.583868023,2675501.277876261,2009923.7384696295,265733.3362170712,399844.20318956004,0,75.12325839982597,9.932095283019375,14.94464631715464
Eastern Sub-Saharan Africa,Female,Diabetes mellitus,YLDs (Years Lived with Disability),113932.88123661876,354612.46218804625,240679.5809514275,180800.42340697095,23839.262430782142,36039.89511367437,-2.9103830456733704e-11,75.12079865365023,9.904979199541335,14.974222146808426
Eastern Sub-Saharan Africa,Female,Diabetes mellitus,YLLs (Years of Life Lost),373321.2550117189,763368.3498042201,390047.09479250124,479265.8765455547,47937.18819948137,-137155.9699525348,5.820766091346741e-11,122.87384855424096,12.290102615681109,-35.16395116992207
Eastern Sub-Saharan Africa,Female,Diabetes mellitus type 1,DALYs (Disability-Adjusted Life Years),67913.22475157896,71287.33596384038,3374.111212261414,66636.38741759423,-4794.6597571055,-58467.61644822732,-7.275957614183426e-12,1974.93156643562,-142.10141443120952,-1732.8301520044106
Eastern Sub-Saharan Africa,Female,Diabetes mellitus type 1,Deaths,917.791891661401,992.4519701977117,74.66007853631072,913.9998470304618,-34.01895307608322,-805.3208154180678,0,1224.2149552333253,-45.565118257327036,-1078.6498369759981
Eastern Sub-Saharan Africa,Female,Diabetes mellitus type 1,Incidence,937.4208621459486,3957.43645558723,3020.0155934412815,1805.2164586985518,-49.18874912268018,1263.9878838654092,-9.094947017729282e-13,59.77507078503272,-1.6287581173258125,41.85368733229308
Eastern Sub-Saharan Africa,Female,Diabetes mellitus type 1,Prevalence,17659.784016202633,65389.19687994712,47729.41286374449,31070.48278307967,2815.9716950684565,13842.95838559636,0,65.09714014663895,5.899866614968321,29.00299323839272
Eastern Sub-Saharan Africa,Female,Diabetes mellitus type 1,YLDs (Years Lived with Disability),1329.2357154913602,4636.189796902399,3306.954081411039,2255.515268948979,243.28199978783297,808.1568126742263,-9.094947017729282e-13,68.20521886371573,7.356679101030255,24.438102035254
Eastern Sub-Saharan Africa,Female,Diabetes mellitus type 1,YLLs (Years of Life Lost),66583.98903608756,66651.14616694096,67.15713085340394,64469.084826306964,-5116.543013045371,-59285.38468240819,0,95997.37809978114,-7618.763559470963,-88278.61454031018
Eastern Sub-Saharan Africa,Female,Diabetes mellitus type 2,DALYs (Disability-Adjusted Life Years),419340.91149676207,1046693.4760284286,627352.5645316666,592815.0985645723,77166.3767456748,-42628.9107785805,0,94.4947278580303,12.300320602543694,-6.795048460573997
Eastern Sub-Saharan Africa,Female,Diabetes mellitus type 2,Deaths,11249.648068239341,27060.804872359804,15811.156804120463,17572.450164456368,481.9981343636152,-2243.291494699521,-1.8189894035458565e-12,111.13956038862952,3.04846849813041,-14.18802888675994
Eastern Sub-Saharan Africa,Female,Diabetes mellitus type 2,Incidence,74100.02582404266,219949.21877851812,145849.19295447547,114608.60686055345,14027.804073611152,17212.782020310846,0,78.58021325927167,9.618019674603007,11.801767066125313
Eastern Sub-Saharan Africa,Female,Diabetes mellitus type 2,Prevalence,1248897.5219755569,3876669.3869880713,2627771.8650125144,1978853.2556865474,262917.3645220023,386001.2448039647,0,75.30536733549826,10.005334482137405,14.689298182364338
Eastern Sub-Saharan Africa,Female,Diabetes mellitus type 2,YLDs (Years Lived with Disability),112603.64552112848,349976.2723911401,237372.62687001162,178544.9081380217,23595.980430994237,35231.738300995676,0,75.21714297571272,9.940480813702125,14.842376210585158
Eastern Sub-Saharan Africa,Female,Diabetes mellitus type 2,YLLs (Years of Life Lost),306737.26597563113,696717.2036372795,389979.9376616483,466711.6971296954,2231.0211924534815,-78962.78066050058,0,119.6758222815607,0.5720861452081016,-20.24790842676879
Eastern Sub-Saharan Africa,Male,Diabetes mellitus,DALYs (Disability-Adjusted Life Years),641620.8270253086,1501658.6066593707,860037.7796340621,873742.4973119339,41152.85763114584,-54857.57530901775,-1.1641532182693481e-10,101.59350182078083,4.78500579924012,-6.378507620020964
Eastern Sub-Saharan Africa,Male,Diabetes mellitus,Deaths,15558.92616611025,38709.69696887544,23150.77080276519,21889.69642427019,1239.1223432860443,21.952035208958478,7.275957614183426e-12,94.55277584820469,5.3524021029055335,0.09482204888977808
Eastern Sub-Saharan Africa,Male,Diabetes mellitus,Incidence,90359.2199139459,252022.85373227627,161663.63381833036,134837.21063143152,8784.248438243427,18042.17474865543,2.9103830456733704e-11,83.40602487196034,5.433657669797731,11.16031745824193
Eastern Sub-Saharan Africa,Male,Diabetes mellitus,Prevalence,1367737.292636293,4018703.639666435,2650966.347030142,2099091.190174977,178562.0462178232,373313.11063734145,0,79.18211381772437,6.735734175496606,14.082152006779014
Eastern Sub-Saharan Africa,Male,Diabetes mellitus,YLDs (Years Lived with Disability),125835.501654632,366059.92406796914,240224.42241333716,192101.33183697428,13843.371546946262,34279.71902941659,-2.9103830456733704e-11,79.96744456999427,5.762682831276393,14.269872598729327
Eastern Sub-Saharan Africa,Male,Diabetes mellitus,YLLs (Years of Life Lost),515785.3253706732,1135598.6825913999,619813.3572207267,682566.1539491629,26399.865773584705,-89152.66250202095,0,110.12446666361353,4.25932508004716,-14.383791743660678
Eastern Sub-Saharan Africa,Male,Diabetes mellitus type 1,DALYs (Disability-Adjusted Life Years),118924.1706731777,135914.47475330363,16990.304080125934,119389.20530880608,-10648.845166809831,-91750.05606187032,0,702.6902211153431,-62.67601283997091,-540.0142082753722
Eastern Sub-Saharan Africa,Male,Diabetes mellitus type 1,Deaths,1567.8673436011588,1895.4736511000547,327.60630749889583,1611.4118721606926,-88.7880926493537,-1195.0174720124432,-2.2737367544323206e-13,491.87449547689914,-27.102070569765495,-364.77242490713365
Eastern Sub-Saharan Africa,Male,Diabetes mellitus type 1,Incidence,894.5218456219992,3909.2138167660637,3014.6919711440646,1756.4796105327557,-35.426686749487054,1293.639047360796,0,58.26398276657691,-1.1751345440457306,42.91115177746882
Eastern Sub-Saharan Africa,Male,Diabetes mellitus type 1,Prevalence,16442.284456980335,61183.29610935138,44741.011652371046,28932.007384984798,2661.208442218909,13147.79582516734,0,64.66551898687688,5.948029210640074,29.386451802483045
Eastern Sub-Saharan Africa,Male,Diabetes mellitus type 1,YLDs (Years Lived with Disability),1226.1684372012073,4279.204139359006,3053.035702157799,2075.5596991455054,208.46250251067127,769.0135005016223,0,67.98347289809152,6.828040116377803,25.18848698553068
Eastern Sub-Saharan Africa,Male,Diabetes mellitus type 1,YLLs (Years of Life Lost),117698.00223597465,131635.27061394608,13937.268377971428,117482.34710717404,-11009.760866146513,-92535.31786305609,0,842.9366782723432,-78.99511272630733,-663.9415655460358
Eastern Sub-Saharan Africa,Male,Diabetes mellitus type 2,DALYs (Disability-Adjusted Life Years),522696.65635213105,1365744.1319060673,843047.4755539362,754353.2920031281,51801.7027979556,36892.48075285251,0,89.47933703347722,6.144577179822353,4.376085786700421
Eastern Sub-Saharan Africa,Male,Diabetes mellitus type 2,Deaths,13991.058822509103,36814.22331777544,22823.164495266334,22926.26420050288,-1337.6389029681375,1234.5391977315878,-3.637978807091713e-12,100.45173273521264,-5.860882715214939,5.409149980002287
Eastern Sub-Saharan Africa,Male,Diabetes mellitus type 2,Incidence,89464.69806832436,248113.63991551028,158648.94184718592,133080.7310208991,8819.675124992946,16748.535701293888,0,83.8837810523094,5.559239804755992,10.556979142934617
Eastern Sub-Saharan Africa,Male,Diabetes mellitus type 2,Prevalence,1351295.008179311,3957520.343557077,2606225.335377766,2070159.1827899895,175900.83777560372,360165.31481217296,4.656612873077393e-10,79.43131987433945,6.7492566888928405,13.819423436767716
Eastern Sub-Saharan Africa,Male,Diabetes mellitus type 2,YLDs (Years Lived with Disability),124609.33321743009,361780.719928606,237171.3867111759,190025.7721378271,13634.909044435359,33510.70552891347,2.9103830456733704e-11,80.12171062154218,5.748968808383183,14.129320570074652
Eastern Sub-Saharan Africa,Male,Diabetes mellitus type 2,YLLs (Years of Life Lost),398087.3231346982,1003963.4119774533,605876.0888427551,639100.4838178331,-36698.81156093891,3474.4165858608126,-1.1641532182693481e-10,105.48369470043583,-6.057148026923286,0.573453326487446
Southern Sub-Saharan Africa,Both,Diabetes mellitus,DALYs (Disability-Adjusted Life Years),411967.40358674683,1395443.3310959951,983475.9275092483,413157.91352305183,285406.6245548588,284911.38943133777,2.3283064365386963e-10,42.00996709389886,29.020194248951245,28.969838657149904
Southern Sub-Saharan Africa,Both,Diabetes mellitus,Deaths,10434.10273214532,39638.69087382492,29204.588141679596,11271.95926066373,8218.829710108263,9713.799170907603,0,38.59653560591341,28.142255149212957,33.26120924487363
Southern Sub-Saharan Africa,Both,Diabetes mellitus,Incidence,101602.85240484732,289541.6292784517,187938.7768736044,91958.29617985878,54499.99088418018,41480.48980956544,2.9103830456733704e-11,48.92992159978994,28.99880045555122,22.071277944658842
Southern Sub-Saharan Africa,Both,Diabetes mellitus,Prevalence,1674679.5935838595,4977564.6066954,3302885.01311154,1553384.9355512604,998394.5521527291,751105.5254075509,0,47.031153957366115,30.227953688650345,22.740892353983554
Southern Sub-Saharan Africa,Both,Diabetes mellitus,YLDs (Years Lived with Disability),150683.33298881893,457395.94492207473,306712.6119332558,141591.41665820222,96481.20585715734,68639.98941789624,0,46.164197737331435,31.4565499113394,22.379252351329164
Southern Sub-Saharan Africa,Both,Diabetes mellitus,YLLs (Years of Life Lost),261284.0705979267,938047.3861739172,676763.3155759905,272002.22226954805,188485.7128283264,216275.3804781161,1.1641532182693481e-10,40.19163214218372,27.851053461416857,31.957314396399426
Southern Sub-Saharan Africa,Both,Diabetes mellitus type 1,DALYs (Disability-Adjusted Life Years),16736.70364149962,22791.042543051208,6054.3389015515895,10166.529526298902,-1535.4385648877394,-2576.7520598595734,0,167.92138153504177,-25.360961615383662,-42.56041991965812
Southern Sub-Saharan Africa,Both,Diabetes mellitus type 1,Deaths,232.74978505868697,358.09687947205236,125.3470944133654,150.0512151758656,-1.4487448674411827,-23.25537589505902,0,119.70857073162924,-1.1557865574957493,-18.552784174133492
Southern Sub-Saharan Africa,Both,Diabetes mellitus type 1,Incidence,313.0139069513526,605.2527819314088,292.23887498005615,230.6953455010299,-33.62947626937071,95.17300574839697,0,78.94067670386895,-11.507530020318397,32.566853316449446
Southern Sub-Saharan Africa,Both,Diabetes mellitus type 1,Prevalence,6594.570398520825,15032.161848349286,8437.591449828462,5273.999906333394,1574.702306211617,1588.8892372834496,-1.8189894035458565e-12,62.505988085505315,18.662936165789716,18.831075748704947
Southern Sub-Saharan Africa,Both,Diabetes mellitus type 1,YLDs (Years Lived with Disability),485.1279271314284,1153.175009856531,668.0470827251027,396.9647221502637,169.16014589323333,101.92221468160551,-1.1368683772161603e-13,59.42166838465371,25.321590388987858,15.256741226358425
Southern Sub-Saharan Africa,Both,Diabetes mellitus type 1,YLLs (Years of Life Lost),16251.575714368408,21637.8675331938,5386.291818825392,9786.548428123715,-1721.172427416506,-2679.0841818818185,-1.8189894035458565e-12,181.69361700602963,-31.95468209503451,-49.73893491099515
Southern Sub-Saharan Africa,Both,Diabetes mellitus type 2,DALYs (Disability-Adjusted Life Years),395230.699945247,1372652.2885529455,977421.5886076984,402991.3839967532,286942.063119747,287488.1414911984,2.3283064365386963e-10,41.23004737094049,29.357041676200904,29.412910952858613
Southern Sub-Saharan Africa,Both,Diabetes mellitus type 2,Deaths,10201.352947086638,39280.59399435284,29079.241047266205,14514.697622183005,4749.780750191331,9814.76267489187,0,49.91429315019059,16.33392268550237,33.75178416430705
Southern Sub-Saharan Africa,Both,Diabetes mellitus type 2,Incidence,101289.83849789631,288936.3764965212,187646.53799862484,91727.60083435803,54533.620360449655,41385.31680381717,0,48.88318314459404,29.061884616730474,22.054932238675494
Southern Sub-Saharan Africa,Both,Diabetes mellitus type 2,Prevalence,1668085.0231853374,4962532.444847041,3294447.4216617034,1548110.9356449246,996819.8498465162,749516.6361702625,0,46.99152050403843,30.257573494486824,22.750906001474743
Southern Sub-Saharan Africa,Both,Diabetes mellitus type 2,YLDs (Years Lived with Disability),150198.205061688,456242.7699122179,306044.5648505299,141194.4519360521,96312.04571126401,68538.0672032138,0,46.13525876697418,31.469941561714116,22.394799671311702
Southern Sub-Saharan Africa,Both,Diabetes mellitus type 2,YLLs (Years of Life Lost),245032.49488355825,916409.5186407225,671377.0237571643,342396.67374283395,108245.66370803515,220734.68630629522,1.1641532182693481e-10,50.9991646462239,16.122932402760835,32.87790295101527
Southern Sub-Saharan Africa,Female,Diabetes mellitus,DALYs (Disability-Adjusted Life Years),227518.50468174115,728927.5991441837,501409.09446244256,219975.31774294926,160595.3419839404,120838.43473555286,0,43.871425582893224,32.02880517277287,24.099769244333903
Southern Sub-Saharan Africa,Female,Diabetes mellitus,Deaths,6266.516515954593,22196.09912918249,15929.582613227896,6458.342929855775,5013.490762242096,4457.748921130026,0,40.543076907067096,31.472831925168602,27.984091167764305
Southern Sub-Saharan Africa,Female,Diabetes mellitus,Incidence,50896.12939715498,141852.46781304822,90956.33841589323,45354.61817535376,28397.47361338587,17204.246627153607,1.4551915228366852e-11,49.864164460943975,31.220994718960505,18.914840820095534
Southern Sub-Saharan Africa,Female,Diabetes mellitus,Prevalence,850584.9522218774,2468788.909738883,1618203.9575170055,775901.1642744158,521976.12052275357,320326.6727198361,0,47.948292344122635,32.25650994721833,19.795197708659035
Southern Sub-Saharan Africa,Female,Diabetes mellitus,YLDs (Years Lived with Disability),77119.4916158986,228423.17041257583,151303.6787966772,71241.4679295342,50832.13043960407,29230.080427538964,2.9103830456733704e-11,47.08508642758707,33.59609683245878,19.31881673995417
Southern Sub-Saharan Africa,Female,Diabetes mellitus,YLLs (Years of Life Lost),150399.01306584125,500504.42873160646,350105.4156657652,148962.31797048572,109533.53073944822,91609.56695583127,0,42.54784739253947,31.28587157989481,26.166281027565738
Southern Sub-Saharan Africa,Female,Diabetes mellitus type 1,DALYs (Disability-Adjusted Life Years),8687.950635429197,10832.198911002459,2144.2482755732617,5059.105178544926,-1151.1182401660847,-1763.738662805579,9.094947017729282e-13,235.93840490287357,-53.68399980913287,-82.25440509374066
Southern Sub-Saharan Africa,Female,Diabetes mellitus type 1,Deaths,118.75263382615276,166.5190110766864,47.76637725053365,73.03765342640692,-6.637586292930408,-18.633689882942853,7.105427357601002e-15,152.90599294002547,-13.895938262423389,-39.01005467760207
Southern Sub-Saharan Africa,Female,Diabetes mellitus type 1,Incidence,160.82259784814121,306.1859968246659,145.36339897652468,117.19936344308006,-18.3377699162338,46.50180544967842,0,80.62508462808238,-12.615121856909276,31.9900372288269
Southern Sub-Saharan Africa,Female,Diabetes mellitus type 1,Prevalence,3459.217144667676,7836.705487453332,4377.488342785657,2748.81601175523,812.4381586611198,816.2341723693065,0,62.79436509032471,18.559459101702988,18.646175807972295
Southern Sub-Saharan Africa,Female,Diabetes mellitus type 1,YLDs (Years Lived with Disability),255.9864795594645,609.140409339307,353.1539297798425,208.93844093138583,89.28278553071637,54.93270331774028,0,59.16356107424285,25.281549489305018,15.554889436452127
Southern Sub-Saharan Africa,Female,Diabetes mellitus type 1,YLLs (Years of Life Lost),8431.964155869458,10223.058501662725,1791.0943457932663,4858.285260817248,-1248.286599534281,-1818.9043154897001,6.821210263296962e-13,271.2467532616513,-69.69407292620431,-101.55268033544694
Southern Sub-Saharan Africa,Female,Diabetes mellitus type 2,DALYs (Disability-Adjusted Life Years),218830.5540463119,718095.4002331822,499264.84618687036,214916.21256440456,161746.4602241067,122602.17339835908,0,43.0465341603409,32.39692549143876,24.55654034822035
Southern Sub-Saharan Africa,Female,Diabetes mellitus type 2,Deaths,6147.763882128444,22029.580118105827,15881.816235977383,8285.836573386352,3088.771729151245,4507.207933439789,1.8189894035458565e-12,52.17184514839233,19.448479212057567,28.37967563955012
Southern Sub-Saharan Africa,Female,Diabetes mellitus type 2,Incidence,50735.30679930674,141546.28181622372,90810.97501691699,45237.41881191067,28415.811383302047,17157.74482170427,0,49.814924686673045,31.29116428714539,18.89391102618157
Southern Sub-Saharan Africa,Female,Diabetes mellitus type 2,Prevalence,847125.7350772097,2460952.2042514286,1613826.4691742188,773152.3482626602,521163.68236409215,319510.43854746665,2.3283064365386963e-10,47.908022518572004,32.29366306222299,19.79831441920502
Southern Sub-Saharan Africa,Female,Diabetes mellitus type 2,YLDs (Years Lived with Disability),76863.5051363389,227814.0300032366,150950.5248668977,71032.52948860273,50742.847654073244,29175.14772422171,0,47.056828421919334,33.61554900111564,19.327622576965016
Southern Sub-Saharan Africa,Female,Diabetes mellitus type 2,YLLs (Years of Life Lost),141967.04890997184,490281.3702299435,348314.32131997164,187125.3406505317,67101.2912924352,94087.68937700476,0,53.72312569331105,19.264580060374264,27.012294246314692
Southern Sub-Saharan Africa,Male,Diabetes mellitus,DALYs (Disability-Adjusted Life Years),184448.89890500862,666515.7319518103,482066.8330468017,193268.90416541745,124221.99170579638,164575.93717558787,0,40.091723992688344,25.768624429247186,34.13965157806447
Southern Sub-Saharan Africa,Male,Diabetes mellitus,Deaths,4167.586216190763,17442.59174464239,13275.005528451626,4815.233957383632,3192.9960442301576,5266.775526837836,-1.8189894035458565e-12,36.272933725439074,24.052690881271396,39.67437539328952
Southern Sub-Saharan Africa,Male,Diabetes mellitus,Incidence,50706.72300769273,147689.16146540496,96982.43845771224,46609.97179511043,26186.9614205728,24185.505242029005,0,48.06021846463886,27.00175602616059,24.938025509200553
Southern Sub-Saharan Africa,Male,Diabetes mellitus,Prevalence,824094.6413619809,2508775.696956514,1684681.055594533,777651.63609862,474240.7535463499,432788.66594956303,0,46.160169814706116,28.150180235687863,25.689649949606014
Southern Sub-Saharan Africa,Male,Diabetes mellitus,YLDs (Years Lived with Disability),73563.84137291976,228972.77450949926,155408.9331365795,70365.91014292244,45316.489121364844,39726.533872292224,2.9103830456733704e-11,45.27790566651796,29.159513682227605,25.562580651254443
Southern Sub-Saharan Africa,Male,Diabetes mellitus,YLLs (Years of Life Lost),110885.05753208844,437542.9574423097,326657.8999102213,123109.09255852857,78696.29731669006,124852.51003500266,0,37.68746832461848,24.091349799995335,38.22118187538619
Southern Sub-Saharan Africa,Male,Diabetes mellitus type 1,DALYs (Disability-Adjusted Life Years),8048.7530060735135,11958.843632047689,3910.090625974175,5107.498626744259,-380.21057656302554,-817.1974242070593,-9.094947017729282e-13,130.62353575172588,-9.723830287649623,-20.899705464076284
Southern Sub-Saharan Africa,Male,Diabetes mellitus type 1,Deaths,113.99715123256976,191.57786839535444,77.58071716278468,77.02658079454476,5.276973643179898,-4.7228372749399865,-1.4210854715202004e-14,99.28572925269921,6.801913975746608,-6.087643228445847
Southern Sub-Saharan Africa,Male,Diabetes mellitus type 1,Incidence,152.19130910285367,299.0667851072822,146.87547600442855,113.49828759093246,-15.27003324792365,48.647221661419735,0,77.27517940946812,-10.396584687469018,33.12140527800089
Southern Sub-Saharan Africa,Male,Diabetes mellitus type 1,Prevalence,3135.353253852287,7195.45636089566,4060.103107043373,2524.911981358775,762.355709808231,772.8354158763668,0,62.18837095488083,18.77675738051366,19.03487166460551
Southern Sub-Saharan Africa,Male,Diabetes mellitus type 1,YLDs (Years Lived with Disability),229.14144757159042,544.0346005177715,314.8931529461811,187.99263744847747,79.71698667848996,47.18352881921371,5.684341886080802e-14,59.700452578785544,25.315566862171348,14.983980559043127
Southern Sub-Saharan Africa,Male,Diabetes mellitus type 1,YLLs (Years of Life Lost),7819.611558502039,11414.809031530025,3595.1974730279862,4928.394099226808,-468.64060005431764,-864.5560261445036,9.094947017729282e-13,137.08270925869235,-13.035183840948076,-24.04752541774424
Southern Sub-Saharan Africa,Male,Diabetes mellitus type 2,DALYs (Disability-Adjusted Life Years),176400.14589893515,654556.8883197634,478156.7424208282,188161.40553867328,124602.20228235955,165393.13459979536,0,39.351406943681965,26.058861295465434,34.5897317608526
Southern Sub-Saharan Africa,Male,Diabetes mellitus type 2,Deaths,4053.5890649581916,17251.01387624703,13197.424811288838,6222.421981553292,1653.5896435572897,5321.413186178255,0,47.14875872019172,12.529638677258,40.32160260255027
Southern Sub-Saharan Africa,Male,Diabetes mellitus type 2,Incidence,50554.531698590195,147390.09468029786,96835.56298170766,46496.47350751964,26202.231453820667,24136.85802036736,1.4551915228366852e-11,48.015906631639936,27.05848001190461,24.925613356455454
Southern Sub-Saharan Africa,Male,Diabetes mellitus type 2,Prevalence,820959.2881081278,2501580.240595618,1680620.9524874901,775126.7241172608,473478.3978365418,432015.8305336875,0,46.12144832360886,28.17282487974136,25.705726796649778
Southern Sub-Saharan Africa,Male,Diabetes mellitus type 2,YLDs (Years Lived with Disability),73334.69992534822,228428.73990898236,155094.03998363414,70177.91750547414,45236.77213468633,39679.35034347367,0,45.24862303727433,29.16731818931264,25.584058773413034
Southern Sub-Saharan Africa,Male,Diabetes mellitus type 2,YLLs (Years of Life Lost),103065.44597358636,426128.14841077937,323062.702437193,155262.47607745524,40889.0299606068,126911.19639913096,0,48.05954847345462,12.65668542117024,39.28376610537513
Sub-Saharan Africa,Both,Diabetes mellitus,DALYs (Disability-Adjusted Life Years),2903535.164923963,7998941.466386787,5095406.3014628235,4474196.672610141,172880.65853575701,448328.9703169255,0,87.80843779475758,3.3928728801494255,8.798689325093
Sub-Saharan Africa,Both,Diabetes mellitus,Deaths,67946.61243621203,190335.97133150796,122389.35889529593,105806.44758103469,4248.650862552156,12334.26045170906,-1.4551915228366852e-11,86.4506919033313,3.471421781191677,10.077886315477
Sub-Saharan Africa,Both,Diabetes mellitus,Incidence,557276.4300648104,1783394.4342880405,1226118.00422323,931428.6777016061,62347.63190404776,232341.6946175764,2.3283064365386963e-10,75.96566354081754,5.08496178094589,18.949374678236573
Sub-Saharan Africa,Both,Diabetes mellitus,Prevalence,9489399.923300112,31820018.590238724,22330618.66693861,16289788.1218146,1148522.6810547344,4892307.864069278,3.725290298461914e-9,72.94821681735264,5.143264045591218,21.90851913705615
Sub-Saharan Africa,Both,Diabetes mellitus,YLDs (Years Lived with Disability),821286.5731708116,2721495.8259761,1900209.2528052882,1400711.464928144,86715.05527189486,412782.7326052494,0,73.71353775171164,4.563447691030712,21.72301455725764
Sub-Saharan Africa,Both,Diabetes mellitus,YLLs (Years of Life Lost),2082248.5917531452,5277445.640410651,3195197.0486575062,3076688.427761995,82963.744617136,35544.87627837496,-4.656612873077393e-10,96.29103873436212,2.5965141853143,1.1124470803235593
Sub-Saharan Africa,Both,Diabetes mellitus type 1,DALYs (Disability-Adjusted Life Years),402374.0824647568,501641.9282024942,99267.84573773743,437052.971199674,-40942.368894059175,-296842.7565678774,0,440.27647417105675,-41.24434109533075,-299.03213307572605
Sub-Saharan Africa,Both,Diabetes mellitus type 1,Deaths,5191.932216463478,6663.387672528326,1471.4554560648485,5713.410426832744,-404.4448658666169,-3837.5101049012774,9.094947017729282e-13,388.28293464705115,-27.48604208164305,-260.79689256540803
Sub-Saharan Africa,Both,Diabetes mellitus type 1,Incidence,3372.6808121202157,12663.823947471232,9291.143135351016,6225.113306626513,-49.82975786494217,3115.859586589447,1.8189894035458565e-12,67.00051022722008,-0.5363146077832931,33.53580438056324
Sub-Saharan Africa,Both,Diabetes mellitus type 1,Prevalence,64371.79985431026,219088.81411948803,154717.01426517777,111594.62080392078,7809.273558729013,35313.11990252797,0,72.12821507313525,5.047456219226336,22.8243287076384
Sub-Saharan Africa,Both,Diabetes mellitus type 1,YLDs (Years Lived with Disability),4732.413024553297,15469.049276313855,10736.63625176056,8015.363598414675,614.1308862539385,2107.141767091945,0,74.65432757955585,5.719956156223838,19.6257162642203
Sub-Saharan Africa,Both,Diabetes mellitus type 1,YLLs (Years of Life Lost),397641.66944020597,486172.8789261829,88531.20948597696,429514.0100839582,-41991.04745586981,-298991.75314211135,1.1641532182693481e-10,485.15547520221304,-47.43078480422325,-337.72469039798966
Sub-Saharan Africa,Both,Diabetes mellitus type 2,DALYs (Disability-Adjusted Life Years),2501161.0824592067,7497299.538184294,4996138.455725087,4037143.7014104673,213823.027429815,745171.7268848041,-9.313225746154785e-10,80.80528066199396,4.279765849659245,14.914953488346786
Sub-Saharan Africa,Both,Diabetes mellitus type 2,Deaths,62754.680219748574,183672.5836589797,120917.90343923113,108946.07477878458,-4376.466143485729,16348.2948039323,1.4551915228366852e-11,90.09920919902224,-3.6193698526084512,13.520160653586215
Sub-Saharan Africa,Both,Diabetes mellitus type 2,Incidence,553903.7492526813,1770730.6103405782,1216826.8610878969,925203.5643949751,62397.461661912464,229225.83503100925,0,76.03411742306561,5.127883321553765,18.83799925538061
Sub-Saharan Africa,Both,Diabetes mellitus type 2,Prevalence,9425028.123445788,31600929.7761192,22175901.65267341,16178193.501010654,1140713.4074960023,4856994.744166754,3.725290298461914e-9,72.95393781231122,5.143932478427473,21.90212970926132
Sub-Saharan Africa,Both,Diabetes mellitus type 2,YLDs (Years Lived with Disability),816554.1601462566,2706026.7766998005,1889472.616553544,1392696.1013297325,86100.92438564106,410675.5908381703,-2.3283064365386963e-10,73.7081918588507,4.556876010338366,21.734932130810936
Sub-Saharan Africa,Both,Diabetes mellitus type 2,YLLs (Years of Life Lost),1684606.9223129386,4791272.761484464,3106665.839171525,2881795.207253931,-113413.29875371011,338283.930671304,0,92.76167301026615,-3.6506436361354777,10.888970625869321
Sub-Saharan Africa,Female,Diabetes mellitus,DALYs (Disability-Adjusted Life Years),1290490.006385018,3505849.8579936572,2215359.8516086396,1986220.7953046246,145739.3343605684,83399.72194344627,0,89.6568019801555,6.578585156481132,3.7646128633633595
Sub-Saharan Africa,Female,Diabetes mellitus,Deaths,31370.7888801795,83343.0346126925,51972.245732512994,47816.938640242246,3309.8993824218305,845.4077098489179,0,92.00475747448554,6.368590265383147,1.626652260131304
Sub-Saharan Africa,Female,Diabetes mellitus,Incidence,255369.284949291,843501.8272845407,588132.5423352497,436848.3753182282,43036.52655855447,108247.64045846705,0,74.27719839879462,7.317487719294168,18.405313881911212
Sub-Saharan Africa,Female,Diabetes mellitus,Prevalence,4545311.125852969,15519481.015019672,10974169.889166703,7923013.436951538,792304.0272552851,2258852.4249598803,-1.862645149230957e-9,72.19692712040884,7.219717165463408,20.583355714127737
Sub-Saharan Africa,Female,Diabetes mellitus,YLDs (Years Lived with Disability),389900.841919717,1320325.1528467902,930424.3109270732,676532.7436512918,65407.78958516513,188483.7776906163,0,72.7122814511581,7.029888279681011,20.25783026916089
Sub-Saharan Africa,Female,Diabetes mellitus,YLLs (Years of Life Lost),900589.1644652977,2185524.7051468436,1284935.5406815459,1311028.8980035738,79004.71929733419,-105098.07661936201,0,102.0307133312063,6.148535611010424,-8.179248942216718
Sub-Saharan Africa,Female,Diabetes mellitus type 1,DALYs (Disability-Adjusted Life Years),145655.6065140994,177875.75689962832,32220.15038552892,158252.3767865895,-14380.106635351774,-111652.1197657088,0,491.15964665908456,-44.630786831492664,-346.5288598275918
Sub-Saharan Africa,Female,Diabetes mellitus type 1,Deaths,1897.57582127317,2355.3833670364857,457.8075457633156,2080.3308720470895,-137.15923492632206,-1485.364091357452,-2.2737367544323206e-13,454.4116608166636,-29.960020579746573,-324.451640236917
Sub-Saharan Africa,Female,Diabetes mellitus type 1,Incidence,1709.649900615612,6341.806188908661,4632.156288293049,3152.838360634723,-50.82558251485997,1530.143510173186,0,68.06416201031386,-1.0972337579220413,33.03307174760816
Sub-Saharan Africa,Female,Diabetes mellitus type 1,Prevalence,32862.59390961969,112469.86380642332,79607.26989680363,57497.63763160863,4407.739186907038,17701.89307828796,0,72.22661662200434,5.536855104591417,22.23652827340424
Sub-Saharan Africa,Female,Diabetes mellitus type 1,YLDs (Years Lived with Disability),2417.76375694838,7990.8559042087445,5573.092147260364,4145.353809319407,376.5117523472793,1051.2265855936785,9.094947017729282e-13,74.3815766864216,6.755886003649985,18.862537309928445
Sub-Saharan Africa,Female,Diabetes mellitus type 1,YLLs (Years of Life Lost),143237.84275715295,169884.90099541427,26647.05823826132,154275.61358636498,-14909.688781007586,-112718.86656709605,4.3655745685100555e-11,578.9592690004614,-55.95247568303592,-423.0067933174254
Sub-Saharan Africa,Female,Diabetes mellitus type 2,DALYs (Disability-Adjusted Life Years),1144834.3998709184,3327974.101094031,2183139.7012231126,1827968.4185180357,160119.44099592042,195051.84170915626,-4.656612873077393e-10,83.73117018090547,7.334365313690776,8.93446450540374
Sub-Saharan Africa,Female,Diabetes mellitus type 2,Deaths,29473.213058906327,80987.651245656,51514.43818674967,50114.72411447904,-958.512083629735,2358.226155900364,0,97.28287035336307,-1.8606668681019984,4.577796514738925
Sub-Saharan Africa,Female,Diabetes mellitus type 2,Incidence,253659.63504867465,837160.0210956398,583500.3860469651,433695.53695759526,43087.35214106955,106717.49694830035,0,74.32652099782634,7.384288540573734,18.289190461599937
Sub-Saharan Africa,Female,Diabetes mellitus type 2,Prevalence,4512448.531943338,15407011.151213227,10894562.619269889,7865515.7993199155,787896.2880683803,2241150.5318815936,0,72.19671017731075,7.23201394679929,20.571275875889977
Sub-Saharan Africa,Female,Diabetes mellitus type 2,YLDs (Years Lived with Disability),387483.07816276886,1312334.2969425826,924851.2187798137,672387.389841973,65031.277832817905,187432.5511050228,-1.1641532182693481e-10,72.70222238870763,7.031539399236104,20.266238212056276
Sub-Saharan Africa,Female,Diabetes mellitus type 2,YLLs (Years of Life Lost),757351.3217081449,2015639.804151429,1258288.4824432842,1267666.3934116184,-17147.89529333838,7769.984325004179,0,100.74529101229034,-1.3627952200628444,0.6175042077725129
Sub-Saharan Africa,Male,Diabetes mellitus,DALYs (Disability-Adjusted Life Years),1613045.1585392426,4493091.608393658,2880046.4498544154,2486905.3015754833,3733.4705679829544,389407.677710949,0,86.34948584600762,0.12963230395716985,13.520881850035206
Sub-Saharan Africa,Male,Diabetes mellitus,Deaths,36575.82355603586,106992.93671882141,70417.11316278555,57988.75028940025,322.8025385400603,12105.560334845248,0,82.35036581994743,0.4584148995057879,17.1912192805468
Sub-Saharan Africa,Male,Diabetes mellitus,Incidence,301907.14511551784,939892.6070034831,637985.4618879652,494166.3734247512,16458.852516330866,127360.23594688317,1.1641532182693481e-10,77.45730944438517,2.5798162339976893,19.96287432161715
Sub-Saharan Africa,Male,Diabetes mellitus,Prevalence,4944088.797447139,16300537.575219039,11356448.7777719,8364876.602550794,324225.9216798662,2667346.253541238,0,73.65750302967471,2.8549939160072393,23.487503054318033
Sub-Saharan Africa,Male,Diabetes mellitus,YLDs (Years Lived with Disability),431385.7312510905,1401170.6731293174,969784.9418782268,724029.5451304481,17318.602695538448,228436.7940522402,-1.1641532182693481e-10,74.65877369968098,1.7858188911447437,23.55540740917427
Sub-Saharan Africa,Male,Diabetes mellitus,YLLs (Years of Life Lost),1181659.4272881455,3091920.935264332,1910261.5079761867,1764746.561061551,-15473.544022601875,160988.49093723754,2.3283064365386963e-10,92.38245934878306,-0.8100222905603753,8.42756294177731
Sub-Saharan Africa,Male,Diabetes mellitus type 1,DALYs (Disability-Adjusted Life Years),256718.475950955,323766.1713033925,67047.6953524375,278049.5782655012,-25182.959742963518,-185818.9231701002,-2.9103830456733704e-11,414.70415471244496,-37.559769371025816,-277.1443853414192
Sub-Saharan Africa,Male,Diabetes mellitus type 1,Deaths,3294.3563951936612,4308.004305497759,1013.6479103040974,3623.5786808854086,-251.09324833767474,-2358.8375222436375,-9.094947017729282e-13,357.479026400629,-24.771249048631297,-232.70777735199783
Sub-Saharan Africa,Male,Diabetes mellitus type 1,Incidence,1663.0309115093091,6322.017758547102,4658.986847037793,3072.2222828213944,1.0671024008756074,1585.697461815522,-9.094947017729282e-13,65.94185353355802,0.022904172857969675,34.035242293583984
Sub-Saharan Africa,Male,Diabetes mellitus type 1,Prevalence,31509.205944689973,106618.95031305488,75109.74436836492,54109.16495082289,3390.480362291728,17610.0990552503,0,72.04013993903679,4.514035283709136,23.445824777254074
Sub-Saharan Africa,Male,Diabetes mellitus type 1,YLDs (Years Lived with Disability),2314.649267604719,7478.193372100657,5163.544104495938,3871.125739031809,233.8795214242485,1058.5388440398804,0,74.9703238839616,4.5294378568512235,20.50023825918718
Sub-Saharan Africa,Male,Diabetes mellitus type 1,YLLs (Years of Life Lost),254403.8266833511,316287.977931295,61884.1512479439,274487.2912724836,-25699.34904054749,-186903.7909839922,0,443.5502236634512,-41.528159508209065,-302.0220641552421
Sub-Saharan Africa,Male,Diabetes mellitus type 2,DALYs (Disability-Adjusted Life Years),1356326.6825882886,4169325.4370902637,2812998.754501975,2208855.723309982,28916.430310946733,575226.6008810463,0,78.52316748362894,1.0279574516223422,20.448875064748712
Sub-Saharan Africa,Male,Diabetes mellitus type 2,Deaths,33281.46716084219,102684.93241332372,69403.46525248153,58751.00880316712,-3959.654720657545,14612.111169971962,0,84.65140550178288,-5.705269479344862,21.053863977561992
Sub-Saharan Africa,Male,Diabetes mellitus type 2,Incidence,300244.11420400767,933570.5892449397,633326.4750409321,491094.1511419304,16457.78541392958,125774.53848507213,0,77.5420214527098,2.5986258371507227,19.859352710139472
Sub-Saharan Africa,Male,Diabetes mellitus type 2,Prevalence,4912579.591502445,16193918.62490598,11281339.033403534,8310767.437599967,320835.44131757383,2649736.154485993,0,73.66827123085443,2.843948226071343,23.487780543074223
Sub-Saharan Africa,Male,Diabetes mellitus type 2,YLDs (Years Lived with Disability),429071.0819834877,1393692.4797572135,964621.3977737258,720158.4193914168,17084.72317411411,227378.25520819487,0,74.65710599552204,1.7711325099717232,23.571761494506227
Sub-Saharan Africa,Male,Diabetes mellitus type 2,YLLs (Years of Life Lost),927255.6006047946,2775632.957333033,1848377.3567282385,1610810.360899073,-113943.3206121261,351510.31644129165,2.3283064365386963e-10,87.14726757691535,-6.164505326651156,19.017237749735816
Western Sub-Saharan Africa,Both,Diabetes mellitus,DALYs (Disability-Adjusted Life Years),1018351.2678898477,2920675.5742939073,1902324.3064040595,1775429.4228727587,-88879.79235965281,215774.67589095363,2.3283064365386963e-10,93.32948209176969,-4.672168255456989,11.342686163687297
Western Sub-Saharan Africa,Both,Diabetes mellitus,Deaths,23215.106104617902,64036.359673708524,40821.25356909062,39736.50337871857,-3075.5311707690635,4160.281361141122,0,97.34268280483818,-7.534141903711208,10.191459098873041
Western Sub-Saharan Africa,Both,Diabetes mellitus,Incidence,205603.12083153194,729080.8914672628,523477.7706357308,401495.46442452684,652.6446845441338,121329.66152665981,-5.820766091346741e-11,76.69771037974274,0.12467476579789395,23.177614854459353
Western Sub-Saharan Africa,Both,Diabetes mellitus,Prevalence,3679230.451980646,13551581.095258592,9872350.643277947,7356768.27799533,-73043.42364000327,2588625.7889226186,-1.862645149230957e-9,74.51891189667712,-0.7398787409332782,26.220966844256143
Western Sub-Saharan Africa,Both,Diabetes mellitus,YLDs (Years Lived with Disability),303643.73433649394,1094467.5312315985,790823.7968951045,600210.9201550711,-18804.709404186015,209417.58614421947,1.1641532182693481e-10,75.89692198332817,-2.3778633720958053,26.480941388767643
Western Sub-Saharan Africa,Both,Diabetes mellitus,YLLs (Years of Life Lost),714707.5335533499,1826208.0430622972,1111500.5095089474,1176222.0311281953,-71078.62341516792,6357.101795919919,0,105.82289626190469,-6.394834982718086,0.571938720813402
Western Sub-Saharan Africa,Both,Diabetes mellitus type 1,DALYs (Disability-Adjusted Life Years),157497.76859822898,206374.12102833483,48876.35243010585,196075.48082173508,-18438.18078277705,-128760.94760885222,-4.3655745685100555e-11,401.16635361062777,-37.72413419995695,-263.4422194106709
Western Sub-Saharan Africa,Both,Diabetes mellitus type 1,Deaths,1908.488468119257,2482.9678400109847,574.4793718917276,2374.549206810471,-202.61746296685124,-1597.452371951892,0,413.33933348924546,-35.26975429938303,-278.06957918986245
Western Sub-Saharan Africa,Both,Diabetes mellitus type 1,Incidence,897.9183292001661,2989.692952932293,2091.7746237321267,1696.763612420159,18.256574335419714,376.75443697654805,4.547473508864641e-13,81.11598607085153,0.8727792243146391,18.01123470483383
Western Sub-Saharan Africa,Both,Diabetes mellitus type 1,Prevalence,17488.770439398064,55804.432351998454,38315.66191260039,32246.975688724095,1218.2768769627346,4850.409346913562,0,84.16134311415728,3.1795793577615195,12.659077528081196
Western Sub-Saharan Africa,Both,Diabetes mellitus type 1,YLDs (Years Lived with Disability),1249.1168547485881,3885.040019144826,2635.923164396238,2272.2878444766816,56.14035208706154,307.4949678324951,4.547473508864641e-13,86.20463127183574,2.1298174713647455,11.665551256799523
Western Sub-Saharan Africa,Both,Diabetes mellitus type 1,YLLs (Years of Life Lost),156248.65174348085,202489.08100918654,46240.429265705694,193977.7386855524,-18652.27363287399,-129085.03578697273,0,419.498135648616,-40.33758753772531,-279.1605481108907
Western Sub-Saharan Africa,Both,Diabetes mellitus type 2,DALYs (Disability-Adjusted Life Years),860853.4992916189,2714301.453265574,1853447.953973955,1579353.9420510242,-70441.6115768762,344535.6234998069,0,85.21166934656841,-3.800571331169197,18.58890198460077
Western Sub-Saharan Africa,Both,Diabetes mellitus type 2,Deaths,21306.617636498664,61553.391833697635,40246.774197198974,39249.75739721293,-4804.839796777302,5801.856596763344,0,97.52274108950716,-11.938446975240318,14.41570588573315
Western Sub-Saharan Africa,Both,Diabetes mellitus type 2,Incidence,204705.20250233234,726091.1985143286,521385.99601199623,399798.7008121067,634.3881102084512,120952.90708968109,0,76.6799844779314,0.12167340800496969,23.19834211406364
Western Sub-Saharan Africa,Both,Diabetes mellitus type 2,Prevalence,3661741.6815412426,13495776.66290658,9834034.981365338,7324521.302306597,-74261.70051696601,2583775.3795757056,-1.862645149230957e-9,74.48134276709351,-0.7551498510803107,26.273807083986792
Western Sub-Saharan Africa,Both,Diabetes mellitus type 2,YLDs (Years Lived with Disability),302394.6174817439,1090582.4912124507,788187.8737307067,597938.6323105921,-18860.849756273266,209110.09117638794,1.1641532182693481e-10,75.86245008824946,-2.392938331694924,26.530488243445465
Western Sub-Saharan Africa,Both,Diabetes mellitus type 2,YLLs (Years of Life Lost),558458.881809869,1623718.9620531104,1065260.0802432415,1031681.9890985657,-102891.99441564392,136470.08556031974,0,96.84789735695261,-9.658861373285438,12.810964016332814
Western Sub-Saharan Africa,Female,Diabetes mellitus,DALYs (Disability-Adjusted Life Years),439872.01109530585,1245097.928427673,805225.917332367,773307.813528344,-8649.965688756007,40568.06949277894,0,96.03613059180155,-1.0742284249136538,5.03809783311209
Western Sub-Saharan Africa,Female,Diabetes mellitus,Deaths,10472.248711601627,25706.622618977523,15234.373907375895,17195.698008896143,-1406.782353813389,-554.5417477068595,0,112.87433348718486,-9.234264318091071,-3.6400691690937936
Western Sub-Saharan Africa,Female,Diabetes mellitus,Incidence,91500.79786597876,351129.41038627236,259628.6125202936,189522.11852646177,10970.877174350308,59135.61681948153,2.9103830456733704e-11,72.9973929632459,4.225604053364026,22.777002983390076
Western Sub-Saharan Africa,Female,Diabetes mellitus,Prevalence,1735170.35318543,6688148.609532102,4952978.256346672,3609553.195891919,141011.87121364684,1202413.1892411064,9.313225746154785e-10,72.87641917803076,2.8470117152837555,24.2765691066855
Western Sub-Saharan Africa,Female,Diabetes mellitus,YLDs (Years Lived with Disability),140255.2501854717,533056.6445401561,392801.3943546844,289599.6826177139,6394.379038567218,96807.33269840338,1.1641532182693481e-10,73.7267450624721,1.6278911252523056,24.645363812275605
Western Sub-Saharan Africa,Female,Diabetes mellitus,YLLs (Years of Life Lost),299616.7609098319,712041.283887513,412424.5229776811,484130.0281882324,-15458.84421419895,-56246.66099635242,-5.820766091346741e-11,117.38633403582351,-3.748284438225689,-13.638049597597833
Western Sub-Saharan Africa,Female,Diabetes mellitus type 1,DALYs (Disability-Adjusted Life Years),57018.8008960399,76782.75714129095,19763.956245251044,72910.12370511047,-7867.885705478613,-45278.28175438081,0,368.90449867611693,-39.809264945975265,-229.09523373014167
Western Sub-Saharan Africa,Female,Diabetes mellitus type 1,Deaths,693.6983145905593,921.5151633995539,227.81684880899456,884.8554774465455,-86.65015649719042,-570.3884721403605,0,388.4065125439528,-38.035007924211676,-250.37150461974113
Western Sub-Saharan Africa,Female,Diabetes mellitus type 1,Incidence,445.3407223248826,1481.7262743355136,1036.385552010631,855.1394136595899,-0.926926788609137,182.17306513965025,-2.2737367544323206e-13,82.51170734680582,-0.08943841283881858,17.577731066032996
Western Sub-Saharan Africa,Female,Diabetes mellitus type 1,Prevalence,8574.935050772649,28316.26578244036,19741.330731667713,16359.835544475076,983.6109315839476,2397.88425560869,0,82.87098659581103,4.982495582256293,12.14651782193267
Western Sub-Saharan Africa,Female,Diabetes mellitus type 1,YLDs (Years Lived with Disability),605.2019820129948,1972.8385164601955,1367.6365344472006,1146.6330296118315,69.14164925779055,151.86185557757872,2.2737367544323206e-13,83.84047959608662,5.055557344096371,11.103963059817012
Western Sub-Saharan Africa,Female,Diabetes mellitus type 1,YLLs (Years of Life Lost),56413.598914027556,74809.91862483362,18396.319710806063,71829.48946349951,-7996.840823074199,-45436.328929619245,7.275957614183426e-12,390.4557574160152,-43.46978607018243,-246.98597134583278
Western Sub-Saharan Africa,Female,Diabetes mellitus type 2,DALYs (Disability-Adjusted Life Years),382853.2101992657,1168315.1712863822,785461.9610871165,700397.6898232336,-782.0799832773724,85846.35124716027,0,89.17016030335193,-0.09956942818655873,10.92940912483462
Western Sub-Saharan Africa,Female,Diabetes mellitus type 2,Deaths,9778.550397011071,24785.107455577956,15006.557058566885,17515.38039436947,-2525.107274437213,16.28393863462952,0,116.7181807659896,-16.826692922182904,0.10851215619330491
Western Sub-Saharan Africa,Female,Diabetes mellitus type 2,Incidence,91055.4571436535,349647.68411193776,258592.22696828426,188666.97911280216,10971.804101138778,58953.44375434334,2.9103830456733704e-11,72.95926150786494,4.242897874298613,22.797840617836453
Western Sub-Saharan Africa,Female,Diabetes mellitus type 2,Prevalence,1726595.4181346567,6659832.343749654,4933236.925614997,3593193.360347442,140028.26028206036,1200015.3049854953,9.313225746154785e-10,72.83642392463241,2.8384661509968705,24.325109924370732
Western Sub-Saharan Africa,Female,Diabetes mellitus type 2,YLDs (Years Lived with Disability),139650.0482034578,531083.8060236948,391433.757820237,288453.049588101,6325.237389309371,96655.47084282672,5.820766091346741e-11,73.69140852705168,1.615915148589251,24.692676324359077
Western Sub-Saharan Africa,Female,Diabetes mellitus type 2,YLLs (Years of Life Lost),243203.1619958044,637231.365262679,394028.20326687465,442383.1937125027,-37435.967030789216,-10919.023414838803,0,112.27196176434033,-9.50083438708419,-2.7711273772561316
Western Sub-Saharan Africa,Male,Diabetes mellitus,DALYs (Disability-Adjusted Life Years),578479.2567947824,1675577.645866241,1097098.3890714587,999603.8312496543,-95097.06314052468,192591.62096232912,0,91.1134171016038,-8.668052390543671,17.55463528893987
Western Sub-Saharan Africa,Male,Diabetes mellitus,Deaths,12742.857393018972,38329.737054731166,25586.87966171219,22474.10246681939,-1938.8760717800199,5051.6532666728235,0,87.8344790922251,-7.577618284895144,19.743139192670057
Western Sub-Saharan Africa,Male,Diabetes mellitus,Incidence,114102.32296555326,377951.4810809939,263849.15811544063,211376.27274393057,-11373.602731890021,63846.48810340008,0,80.11254394507037,-4.3106458300366395,24.19810188496627
Western Sub-Saharan Africa,Male,Diabetes mellitus,Prevalence,1944060.0987952158,6863432.485726487,4919372.386931271,3743868.3496902674,-221462.64242952247,1396966.6796705264,0,76.1045933346329,-4.5018474921284,28.397254157495507
Western Sub-Saharan Africa,Male,Diabetes mellitus,YLDs (Years Lived with Disability),163388.4841510209,561410.8866914461,398022.4025404252,310246.68283520686,-26693.42423134604,114469.14393656432,-5.820766091346741e-11,77.9470403814008,-6.706513015592111,28.759472634191297
Western Sub-Saharan Africa,Male,Diabetes mellitus,YLLs (Years of Life Lost),415090.77264375816,1114166.7591747886,699075.9865310304,689932.1325389242,-68988.45832714188,78132.31231924807,1.1641532182693481e-10,98.69200857012984,-9.868520683921338,11.176512113791503
Western Sub-Saharan Africa,Male,Diabetes mellitus type 1,DALYs (Disability-Adjusted Life Years),100478.96770242935,129591.36388705019,29112.39618462084,122263.27431728064,-9211.10095243544,-83939.77718022437,-1.4551915228366852e-11,419.9698078506793,-31.639789778971796,-288.3300180717075
Western Sub-Saharan Africa,Male,Diabetes mellitus type 1,Deaths,1214.7901535313845,1561.4526766115,346.66252308011553,1478.7644760083133,-100.32263684280292,-1031.779316085395,-2.2737367544323206e-13,426.57177443624704,-28.939568070823118,-297.632206365424
Western Sub-Saharan Africa,Male,Diabetes mellitus type 1,Incidence,452.5776068742946,1507.9666785980676,1055.389071723773,841.1072606163347,19.24667514862574,195.03513595881256,0,79.69641558279066,1.8236568545465452,18.479927562662798
Western Sub-Saharan Africa,Male,Diabetes mellitus type 1,Prevalence,8913.83538862666,27488.166569551388,18574.331180924728,15878.042864882003,209.93106071279635,2486.357255329928,0,85.48379325328423,1.1302213719995966,13.385985374716164
Western Sub-Saharan Africa,Male,Diabetes mellitus type 1,YLDs (Years Lived with Disability),643.9148727344472,1912.2015026939282,1268.2866299594812,1124.7792629986402,-17.109898107270226,160.617265068111,-2.2737367544323206e-13,88.6849420650736,-1.349056096871166,12.664114031797556
Western Sub-Saharan Africa,Male,Diabetes mellitus type 1,YLLs (Years of Life Lost),99835.05282969357,127679.16238435921,27844.109554665643,121244.64556783257,-9290.078223450164,-84110.45778971676,0,435.44091553653743,-33.364608788121544,-302.07630674841585
Western Sub-Saharan Africa,Male,Diabetes mellitus type 2,DALYs (Disability-Adjusted Life Years),478000.28909235296,1545986.28197919,1067985.992886837,877340.5569323734,-85885.96218808963,276531.39814255317,0,82.14906962973022,-8.041862230415044,25.89279260068481
Western Sub-Saharan Africa,Male,Diabetes mellitus type 2,Deaths,11528.067239487606,36768.28437811965,25240.217138632044,21540.369143080083,-2407.1204001150986,6106.968395667059,0,85.34145734471885,-9.536845055230609,24.195387710511753
Western Sub-Saharan Africa,Male,Diabetes mellitus type 2,Incidence,113649.74535867802,376443.51440239354,262793.76904371555,210535.1654833128,-11392.849407038744,63651.4529674415,0,80.11421513129196,-4.335281406593606,24.221066275301652
Western Sub-Saharan Africa,Male,Diabetes mellitus type 2,Prevalence,1935146.263406585,6835944.319156927,4900798.055750342,3727990.306825379,-221672.5734902354,1394480.3224151982,0,76.06904558026318,-4.523193385414776,28.454147805151596
Western Sub-Saharan Africa,Male,Diabetes mellitus type 2,YLDs (Years Lived with Disability),162744.56927828598,559498.6851887543,396754.1159104684,309121.90357220854,-26676.31433323854,114308.52667149842,5.820766091346741e-11,77.91271499801279,-6.723638965161567,28.81092396714879
Western Sub-Saharan Africa,Male,Diabetes mellitus type 2,YLLs (Years of Life Lost),315255.71981406474,986487.5967904301,671231.8769763655,583506.9459510072,-75159.015326092,162883.9463514503,0,86.93075611657115,-11.1971761032348,24.266419986663646
